,TRIP_SERVICE_TYPE_CODE,VEHICLE_ASSIGNMENT_DATETIME,VEHICLE_ASSIGNMENT_AREA,TOTAL_FARE_AMOUNT,TIME_GAP_MIN
1,TAXI,2022-07-26 0:54,ZONE 4,21.6,8
2,TNS,2022-01-13 14:13,ZONE 1,33.65,7
3,TNS,2021-10-13 3:46,ZONE 1,14.57,5
4,TNS,2021-12-05 9:17,ZONE 1,12.12,2
5,TNS,2020-09-08 13:14,ZONE 1,17.4,8
6,TAXI,2020-07-03 16:30,ZONE 1,28.15,6
7,TAXI,2022-01-08 2:17,ZONE 1,7.79,0
8,TNS,2021-11-27 13:42,ZONE 1,11.94,3
9,TNS,2021-12-20 6:03,ZONE 1,13.11,10
10,TNS,2022-05-25 14:22,ZONE 1,61.78,10
11,TNS,2022-08-19 19:16,ZONE 1,16.41,5
12,TNS,2022-03-17 8:48,ZONE 1,11.3,6
13,TAXI,2020-09-29 23:38,ZONE 2,13.9,3
14,TNS,2022-06-13 23:11,ZONE 1,9.35,11
15,TAXI,2022-09-27 9:55,ZONE 1,23.9,4
16,TAXI,2020-11-20 19:02,ZONE 1,10.15,3
17,TNS,2022-02-26 9:40,ZONE 1,30.33,11
18,TAXI,2020-09-21 19:57,ZONE 1,9.15,11
19,TNS,2022-03-11 14:06,ZONE 1,46.73,4
20,TNS,2020-10-27 14:55,ZONE 1,22.98,6
21,TNS,2021-03-05 2:35,ZONE 1,5.07,3
22,TNS,2022-08-05 5:00,ZONE 1,24.14,22
23,TAXI,2022-08-28 17:09,ZONE 1,46.5,0
24,TNS,2022-10-18 16:52,ZONE 1,11.22,8
25,TAXI,2020-01-21 23:35,ZONE 1,6.3,2
26,TNS,2021-11-29 1:16,ZONE 1,10.62,9
27,TNS,2020-08-21 19:18,ZONE 1,10.37,13
28,TNS,2022-04-11 3:10,ZONE 1,10.9,6
29,TAXI,2021-12-11 21:57,ZONE 1,8.1,0
30,TNS,2021-02-26 15:22,ZONE 1,7.08,11
31,TNS,2021-07-09 16:34,ZONE 1,21.23,1
32,TNS,2022-09-13 14:12,ZONE 1,19.91,6
33,TAXI,2019-10-29 12:33,ZONE 2,6.3,3
34,TNS,2022-09-26 12:36,ZONE 1,17.92,3
35,TNS,2021-12-10 18:48,ZONE 1,8.81,4
36,TNS,2022-06-19 9:47,ZONE 1,15.29,3
37,TAXI,2020-09-11 3:35,ZONE 1,11.35,8
38,TAXI,2022-06-07 18:20,ZONE 4,34,16
39,TAXI,2020-11-18 23:18,ZONE 1,6.65,0
40,TAXI,2021-05-28 17:56,ZONE 1,9.45,2
41,TAXI,2022-05-29 2:07,ZONE 2,15.5,6
42,TNS,2021-12-22 3:57,ZONE 1,44.91,17
43,TNS,2020-07-01 22:43,ZONE 1,11.35,4
44,TNS,2021-06-09 23:48,ZONE 1,22.09,12
45,TNS,2022-01-23 1:29,ZONE 1,18.86,31
46,TAXI,2021-07-19 6:33,ZONE 1,37,0
47,TAXI,2021-11-14 22:52,ZONE 1,6.45,11
48,TNS,2021-11-02 20:53,ZONE 1,23.6,21
49,TAXI,2022-01-07 19:28,ZONE 1,22.75,5
50,TAXI,2021-10-27 13:19,ZONE 1,24.91,6
51,TAXI,2019-12-26 8:06,ZONE 1,15.65,0
52,TNS,2022-01-11 18:03,ZONE 1,10.33,5
53,TNS,2021-12-27 13:03,ZONE 1,8.49,5
54,TNS,2022-06-27 2:02,ZONE 1,20.41,9
55,TNS,2021-03-15 8:40,ZONE 1,4.43,2
56,TNS,2022-03-17 0:14,NA,16.64,4
57,TNS,2021-10-30 7:39,ZONE 1,31.17,14
58,TNS,2021-04-26 19:00,ZONE 1,11.4,4
59,TAXI,2020-02-21 7:43,ZONE 1,11.65,0
60,TNS,2022-05-05 1:29,ZONE 1,26.78,17
61,TAXI,2022-09-19 6:29,ZONE 2,10.7,3
62,TAXI,2021-04-30 13:26,ZONE 1,6.65,12
63,TNS,2021-08-14 10:10,ZONE 1,25.33,3
64,TAXI,2020-10-12 15:50,ZONE 1,4.12,5
65,TNS,2022-05-26 1:43,ZONE 1,19.76,10
66,TNS,2021-12-21 0:06,ZONE 1,24.22,14
67,TAXI,2022-07-03 8:40,ZONE 2,15.2,0
68,TNS,2022-09-12 19:40,ZONE 1,18.55,11
69,TNS,2020-08-27 21:06,ZONE 1,12.26,10
70,TNS,2020-08-21 5:16,ZONE 1,8.13,28
71,TNS,2021-11-25 19:25,NA,5.66,8
72,TNS,2020-09-14 2:22,ZONE 1,22.07,16
73,TNS,2021-09-01 0:40,ZONE 1,6.84,3
74,TNS,2021-02-18 19:28,ZONE 1,16.65,3
75,TAXI,2021-08-25 22:35,ZONE 1,5.15,4
76,TNS,2021-10-15 23:53,ZONE 1,11.77,2
77,TNS,2020-06-06 6:21,ZONE 1,13.55,17
78,TNS,2021-09-12 0:42,ZONE 1,18.65,10
79,TAXI,2021-05-23 1:00,ZONE 1,9.55,8
80,TNS,2022-01-10 3:00,ZONE 1,8.51,4
81,TNS,2022-08-01 8:28,ZONE 1,22.94,11
82,TAXI,2020-07-07 16:45,ZONE 1,16.05,5
83,TNS,2021-11-11 9:35,ZONE 1,18.12,5
84,TNS,2020-11-07 0:20,ZONE 1,9.36,7
85,TAXI,2020-03-13 19:47,ZONE 4,26.4,8
86,TAXI,2021-10-16 13:35,ZONE 2,13.2,0
87,TAXI,2021-07-07 16:57,ZONE 1,34,8
88,TAXI,2022-06-03 18:02,ZONE 1,11.85,8
89,TNS,2021-05-01 9:59,ZONE 1,13.38,10
90,TAXI,2020-01-14 2:22,ZONE 1,6.05,3
91,TAXI,2022-02-18 2:48,ZONE 4,18.9,2
92,TNS,2021-08-12 3:30,ZONE 1,37.77,6
93,TNS,2020-06-14 5:46,ZONE 1,32.07,10
94,TNS,2021-09-18 8:29,ZONE 1,5.81,11
95,TNS,2021-10-10 0:10,ZONE 1,29.96,4
96,TAXI,2022-09-10 15:57,ZONE 1,5,5
97,TNS,2021-07-09 4:05,ZONE 1,10.97,4
98,TNS,2022-02-23 22:56,ZONE 1,42.01,17
99,TAXI,2020-07-16 13:00,ZONE 2,14.6,5
100,TAXI,2021-01-03 0:42,ZONE 1,22.55,11
101,TNS,2021-01-04 20:23,ZONE 1,18.43,5
102,TAXI,2021-10-18 16:37,ZONE 1,12.24,5
103,TNS,2021-05-09 1:21,ZONE 1,7.14,4
104,TAXI,2022-09-06 2:40,ZONE 4,13.7,0
105,TNS,2020-07-04 21:44,ZONE 1,8.25,3
106,TNS,2021-08-21 22:29,ZONE 1,19.33,18
107,TAXI,2021-04-07 5:00,ZONE 4,22.2,7
108,TAXI,2019-10-19 20:58,ZONE 2,9.4,4
109,TNS,2021-05-22 23:49,ZONE 1,6.22,6
110,TNS,2021-05-03 1:46,ZONE 1,10.89,3
111,TNS,2021-10-10 17:47,ZONE 1,22.86,18
112,TAXI,2022-06-20 20:06,ZONE 2,14,7
113,TAXI,2022-01-02 18:37,ZONE 1,7.85,3
114,TAXI,2021-03-28 1:42,ZONE 1,27.15,7
115,TNS,2022-09-09 19:07,ZONE 1,14.71,9
116,TAXI,2021-07-13 22:57,ZONE 2,6.2,6
117,TNS,2022-03-09 6:19,ZONE 1,7.51,4
118,TAXI,2022-08-29 2:06,ZONE 2,40.4,9
119,TNS,2022-03-31 16:11,ZONE 1,25.81,9
120,TAXI,2021-06-08 19:40,ZONE 1,7.55,5
121,TAXI,2021-12-29 7:02,ZONE 4,35.1,6
122,TAXI,2022-08-30 20:53,ZONE 1,13.1,0
123,TNS,2022-04-04 0:11,ZONE 1,9.75,4
124,TNS,2021-02-25 16:31,ZONE 1,9.46,18
125,TNS,2022-03-31 23:27,ZONE 1,33.15,5
126,TNS,2022-09-30 0:31,ZONE 1,13.37,16
127,TAXI,2021-12-23 19:36,ZONE 1,8.62,8
128,TAXI,2021-03-15 8:48,ZONE 1,20.65,6
129,TAXI,2021-07-10 7:18,ZONE 4,13.5,4
130,TAXI,2020-03-15 3:10,ZONE 1,8.75,0
131,TNS,2021-10-17 2:10,ZONE 1,40.4,9
132,TNS,2022-08-12 1:49,ZONE 1,31.54,11
133,TAXI,2022-07-11 1:23,ZONE 1,38,0
134,TAXI,2020-01-13 13:36,ZONE 1,11.55,5
135,TAXI,2022-04-19 22:44,ZONE 1,32.79,0
136,TNS,2022-09-21 19:47,ZONE 1,23.66,6
137,TAXI,2022-02-23 20:31,ZONE 4,19.2,5
138,TNS,2020-11-28 15:41,ZONE 1,18.93,9
139,TAXI,2022-04-07 7:17,ZONE 1,6.85,5
140,TNS,2022-10-16 5:17,ZONE 1,13.46,12
141,TAXI,2022-08-19 13:15,ZONE 1,48.86,9
142,TAXI,2022-06-15 21:05,ZONE 1,7.34,0
143,TNS,2021-08-18 23:52,ZONE 1,29.62,25
144,TAXI,2022-10-20 1:56,ZONE 1,43.9,0
145,TAXI,2022-04-02 2:41,ZONE 4,6.5,3
146,TNS,2022-06-17 5:18,ZONE 1,36.6,4
147,TNS,2022-04-10 1:21,ZONE 1,43.17,8
148,TAXI,2022-06-29 9:06,ZONE 1,21.2,3
149,TAXI,2022-03-20 7:59,ZONE 2,13.8,4
150,TNS,2022-06-19 6:12,ZONE 1,9.77,9
151,TAXI,2021-09-24 15:23,ZONE 1,16.91,7
152,TAXI,2020-08-29 19:15,ZONE 1,9.72,7
153,TAXI,2020-08-11 17:03,ZONE 1,12.25,2
154,TNS,2022-04-15 0:16,ZONE 1,22.19,16
155,TNS,2022-06-05 9:13,ZONE 1,44.37,17
156,TAXI,2021-10-01 13:36,ZONE 1,12.65,5
157,TNS,2022-06-04 9:44,ZONE 1,19.34,11
158,TNS,2022-03-21 23:01,ZONE 1,10.42,6
159,TNS,2021-11-06 3:05,ZONE 1,11.46,6
160,TNS,2021-12-27 4:55,ZONE 1,21.37,6
161,TNS,2020-06-26 5:12,ZONE 1,12.65,3
162,TNS,2022-06-10 21:49,ZONE 1,15.63,4
163,TNS,2020-11-13 16:21,ZONE 1,4.79,5
164,TNS,2021-06-12 18:26,ZONE 1,11.09,9
165,TNS,2021-07-09 3:36,ZONE 1,24.87,14
166,TNS,2020-10-25 5:06,ZONE 1,10.32,6
167,TAXI,2022-03-10 6:19,ZONE 1,3.35,0
168,TNS,2021-08-07 14:29,ZONE 1,5.89,4
169,TAXI,2020-06-16 23:38,ZONE 2,15.6,0
170,TAXI,2020-10-08 23:25,ZONE 2,8.7,4
171,TAXI,2021-08-27 19:44,NA,37.85,7
172,TAXI,2021-07-12 3:22,ZONE 1,8.91,12
173,TNS,2020-07-19 3:26,ZONE 1,9.35,1
174,TNS,2020-04-28 1:30,ZONE 1,9.18,7
175,TNS,2021-05-07 8:47,ZONE 1,8.4,8
176,TAXI,2022-07-31 4:53,ZONE 1,3.5,0
177,TAXI,2021-11-02 16:18,ZONE 1,18.98,0
178,TAXI,2020-12-27 4:18,ZONE 1,13.15,0
179,TNS,2021-04-29 16:34,ZONE 1,14.03,4
180,TNS,2021-08-24 5:10,ZONE 1,20.72,11
181,TAXI,2019-10-10 19:10,ZONE 1,11.75,4
182,TNS,2022-01-01 10:00,NA,58.09,11
183,TNS,2022-08-29 5:19,ZONE 1,16.76,2
184,TNS,2020-12-10 15:40,ZONE 1,24.02,19
185,TNS,2021-11-04 23:23,ZONE 1,11.94,15
186,TAXI,2021-02-28 10:14,ZONE 2,10.8,5
187,TNS,2020-07-22 15:03,ZONE 1,4.94,4
188,TNS,2022-07-12 5:11,ZONE 1,30.84,19
189,TAXI,2021-10-16 2:04,ZONE 1,7.55,0
190,TNS,2020-03-16 5:22,ZONE 1,15.03,14
191,TNS,2021-03-14 3:35,ZONE 1,6.34,4
192,TAXI,2021-10-18 16:51,ZONE 1,18.4,4
193,TAXI,2019-09-20 14:31,ZONE 1,8.45,4
194,TAXI,2022-02-27 3:26,ZONE 2,19.9,4
195,TNS,2021-02-08 20:16,ZONE 1,19.01,7
196,TAXI,2021-04-22 15:18,ZONE 2,20.9,11
197,TNS,2021-06-25 3:58,ZONE 1,12.42,3
198,TAXI,2021-10-30 11:43,ZONE 1,7.05,0
199,TNS,2022-09-16 19:12,ZONE 1,11.45,2
200,TAXI,2019-12-28 3:06,ZONE 1,8.75,5
201,TAXI,2019-10-25 0:10,ZONE 1,16.05,1
202,TNS,2021-07-14 0:34,ZONE 1,20.85,6
203,TNS,2021-03-02 4:10,ZONE 1,12.84,7
204,TAXI,2022-01-01 7:23,ZONE 1,9.45,5
205,TNS,2021-06-29 21:18,ZONE 1,14.12,8
206,TAXI,2021-08-30 15:13,ZONE 2,22.7,6
207,TNS,2022-05-17 18:35,ZONE 1,8.88,2
208,TNS,2021-10-31 4:08,ZONE 1,22.32,7
209,TNS,2021-10-06 0:19,ZONE 1,7,3
210,TNS,2021-03-02 0:03,ZONE 1,10.02,6
211,TNS,2020-07-28 3:41,ZONE 1,8.49,2
212,TNS,2022-03-23 15:59,ZONE 1,21.77,16
213,TAXI,2022-06-02 15:56,ZONE 1,6.6,0
214,TAXI,2021-09-03 16:45,ZONE 1,38.86,0
215,TNS,2021-04-23 21:55,ZONE 1,11.1,3
216,TNS,2020-12-15 1:13,ZONE 1,7.53,9
217,TAXI,2021-12-30 9:39,ZONE 4,9,9
218,TAXI,2021-04-29 19:07,ZONE 4,17.26,7
219,TNS,2021-04-25 18:46,ZONE 1,9.54,10
220,TNS,2022-05-22 7:06,ZONE 1,7.25,2
221,TAXI,2021-02-25 7:49,ZONE 4,9,4
222,TAXI,2022-07-16 19:20,ZONE 1,18.2,6
223,TAXI,2021-12-27 2:23,ZONE 1,15.65,0
224,TAXI,2021-11-05 11:41,ZONE 4,3.6,14
225,TNS,2021-10-29 1:46,ZONE 1,9.26,9
226,TNS,2021-12-14 3:09,ZONE 1,10.73,2
227,TAXI,2020-01-19 2:31,ZONE 1,7.65,1
228,TNS,2021-10-15 1:42,ZONE 1,33.13,9
229,TNS,2022-01-05 23:06,ZONE 1,16.71,10
230,TAXI,2021-05-06 18:43,ZONE 1,23.23,0
231,TAXI,2020-08-24 4:38,ZONE 1,18.15,4
232,TNS,2021-06-20 18:22,ZONE 1,41.2,7
233,TNS,2021-08-05 16:24,ZONE 1,9.11,9
234,TNS,2022-09-25 7:38,ZONE 1,21.95,10
235,TNS,2022-04-17 6:00,ZONE 1,12.96,5
236,TAXI,2021-12-14 8:29,ZONE 1,16.35,0
237,TNS,2021-07-19 17:36,ZONE 1,10.39,6
238,TAXI,2020-12-16 20:48,ZONE 1,4.75,2
239,TAXI,2022-09-18 0:02,ZONE 2,11.8,6
240,TAXI,2021-12-17 16:00,ZONE 4,3.5,0
241,TAXI,2022-04-11 4:46,ZONE 1,9.05,2
242,TNS,2020-07-23 5:51,ZONE 1,13.67,6
243,TNS,2022-03-16 16:36,ZONE 1,13.67,15
244,TNS,2022-05-02 23:46,ZONE 1,16.39,21
245,TNS,2021-02-05 19:07,ZONE 1,13.6,8
246,TNS,2021-04-28 17:58,ZONE 1,16.19,7
247,TNS,2021-03-19 2:25,ZONE 1,13.77,9
248,TAXI,2022-08-31 21:01,ZONE 2,13,14
249,TAXI,2021-12-31 7:05,ZONE 2,5.2,0
250,TNS,2021-03-22 15:07,ZONE 1,19.58,3
251,TAXI,2021-09-08 14:10,ZONE 2,18.7,11
252,TNS,2020-10-24 2:32,ZONE 1,8.89,2
253,TAXI,2022-08-11 15:18,ZONE 2,35.8,9
254,TNS,2021-01-12 23:27,ZONE 1,3.95,5
255,TAXI,2022-09-15 6:10,ZONE 1,37.8,0
256,TAXI,2019-10-12 8:10,ZONE 1,19.35,5
257,TAXI,2020-01-11 9:20,ZONE 1,17.95,0
258,TNS,2021-08-17 5:40,ZONE 1,4.88,12
259,TAXI,2022-06-21 23:22,ZONE 1,18,13
260,TNS,2021-06-11 13:41,ZONE 1,19.07,7
261,TNS,2021-09-29 19:25,ZONE 1,13.09,5
262,TNS,2022-02-26 10:26,ZONE 1,15.1,1
263,TNS,2022-07-02 4:24,ZONE 1,81.05,29
264,TAXI,2019-11-04 4:31,ZONE 4,10.95,13
265,TAXI,2020-03-07 22:43,ZONE 1,9.55,0
266,TAXI,2022-06-15 10:46,ZONE 1,32.9,3
267,TNS,2022-05-14 15:19,ZONE 1,27.63,2
268,TNS,2021-07-18 6:38,ZONE 1,5.56,10
269,TNS,2021-09-14 18:36,ZONE 1,12.25,9
270,TNS,2022-03-01 0:47,ZONE 1,21.84,12
271,TNS,2021-08-21 14:52,ZONE 1,11.9,15
272,TNS,2022-08-13 20:46,ZONE 1,18.4,31
273,TAXI,2021-09-07 21:39,ZONE 2,8,9
274,TNS,2020-08-20 20:02,ZONE 1,24.97,7
275,TNS,2021-06-22 4:03,ZONE 1,10.15,9
276,TNS,2022-01-01 19:08,ZONE 1,72.15,11
277,TNS,2021-09-04 3:37,ZONE 1,9.73,6
278,TNS,2020-12-05 21:21,ZONE 1,4,12
279,TNS,2021-09-09 2:39,ZONE 1,10.5,7
280,TNS,2022-05-07 19:04,ZONE 1,17.55,6
281,TNS,2021-10-04 17:26,ZONE 1,14.2,9
282,TNS,2021-12-29 14:49,ZONE 1,80.55,22
283,TNS,2021-10-08 23:43,ZONE 1,12.02,3
284,TAXI,2022-06-26 23:35,ZONE 1,3.5,0
285,TNS,2020-12-09 0:42,NA,9.08,12
286,TAXI,2021-12-03 23:29,ZONE 1,3.35,22
287,TNS,2021-05-22 22:52,ZONE 1,14.4,4
288,TNS,2021-07-11 5:54,ZONE 1,17.54,16
289,TNS,2022-08-16 20:05,ZONE 1,48.24,9
290,TNS,2021-06-16 6:17,ZONE 1,5.06,8
291,TNS,2020-08-02 0:17,ZONE 1,42.53,4
292,TNS,2021-12-14 0:55,ZONE 1,21.87,9
293,TNS,2022-02-13 22:30,ZONE 1,12.06,4
294,TNS,2021-06-18 23:00,ZONE 1,16.38,4
295,TAXI,2021-08-07 20:27,ZONE 1,6.35,0
296,TNS,2022-07-11 7:48,ZONE 1,17.02,10
297,TAXI,2021-12-11 0:06,ZONE 2,24,0
298,TAXI,2020-01-22 11:28,ZONE 1,8.85,0
299,TNS,2022-05-27 22:41,ZONE 1,13.1,15
300,TNS,2021-06-05 17:31,ZONE 1,12.56,3
301,TNS,2021-01-02 19:30,ZONE 1,5.35,4
302,TNS,2022-04-11 17:58,ZONE 1,21.18,4
303,TNS,2022-07-06 17:14,ZONE 1,9.31,3
304,TNS,2022-07-01 7:14,ZONE 1,16.4,4
305,TAXI,2021-01-07 7:25,ZONE 4,6.3,6
306,TNS,2022-07-06 7:42,ZONE 1,18.69,9
307,TAXI,2020-02-18 5:42,ZONE 4,9.9,8
308,TAXI,2022-07-06 19:32,ZONE 1,11.6,5
309,TNS,2021-03-10 22:49,ZONE 1,9.78,7
310,TAXI,2022-03-15 18:24,ZONE 4,11.2,5
311,TNS,2022-08-16 14:34,ZONE 1,29.16,4
312,TAXI,2022-09-15 21:22,ZONE 2,43.5,6
313,TNS,2021-08-25 11:33,ZONE 1,31.38,11
314,TAXI,2020-09-24 17:08,ZONE 4,15,4
315,TNS,2020-12-06 3:22,ZONE 1,9.17,5
316,TAXI,2019-09-20 11:12,ZONE 1,25.5,8
317,TNS,2022-06-28 8:48,ZONE 1,54.08,14
318,TAXI,2021-10-21 23:38,ZONE 1,16.05,1
319,TNS,2022-05-01 2:52,ZONE 1,10.06,5
320,TNS,2022-08-06 7:42,ZONE 1,19.35,5
321,TAXI,2022-06-08 21:40,ZONE 1,40.9,15
322,TNS,2021-02-08 4:12,ZONE 1,16.05,24
323,TNS,2021-05-23 4:31,ZONE 1,14.21,1
324,TNS,2022-05-11 0:05,ZONE 1,12.08,4
325,TAXI,2021-07-18 0:49,ZONE 1,8.85,8
326,TNS,2021-08-22 14:11,ZONE 1,9.24,10
327,TNS,2021-10-05 11:12,ZONE 1,7.63,5
328,TAXI,2021-12-03 18:45,ZONE 2,27.2,8
329,TNS,2021-07-31 19:32,ZONE 1,12.8,14
330,TNS,2021-03-18 17:19,ZONE 1,10.04,14
331,TAXI,2022-08-09 13:38,ZONE 1,29.9,5
332,TNS,2022-06-24 21:09,ZONE 1,19.98,6
333,TAXI,2021-08-18 20:22,ZONE 4,21.6,17
334,TAXI,2020-12-25 0:33,ZONE 1,8.25,0
335,TNS,2022-05-20 21:17,ZONE 1,51.02,12
336,TAXI,2022-09-10 6:55,ZONE 2,18.7,5
337,TNS,2021-10-11 19:55,ZONE 1,15.39,2
338,TAXI,2022-09-09 10:43,ZONE 1,4.8,0
339,TNS,2022-10-15 21:36,ZONE 1,24.37,1
340,TNS,2021-12-29 0:30,ZONE 1,22.35,8
341,TNS,2022-04-06 17:44,ZONE 1,12.54,2
342,TAXI,2022-03-05 15:00,ZONE 1,18.62,6
343,TNS,2022-06-24 22:15,ZONE 1,26.85,19
344,TNS,2021-04-22 3:20,ZONE 1,21.21,2
345,TNS,2020-10-09 17:36,ZONE 1,16.61,7
346,TAXI,2022-04-16 0:55,ZONE 4,8.4,4
347,TNS,2022-02-07 1:23,ZONE 1,18.19,6
348,TNS,2022-10-08 4:20,ZONE 1,15.16,8
349,TAXI,2019-11-21 11:28,ZONE 1,8.75,0
350,TNS,2020-09-30 3:27,ZONE 1,8.6,5
351,TNS,2021-07-24 2:47,ZONE 1,13.13,16
352,TAXI,2021-05-23 9:42,ZONE 4,10.9,5
353,TAXI,2021-01-20 1:41,ZONE 1,25.75,4
354,TNS,2022-03-13 5:16,ZONE 1,8.06,7
355,TNS,2021-05-27 9:27,ZONE 1,20.28,9
356,TAXI,2021-02-16 16:08,ZONE 2,18.2,2
357,TAXI,2021-06-04 0:55,ZONE 2,37.7,5
358,TAXI,2021-09-30 17:43,ZONE 1,10.85,5
359,TAXI,2021-07-05 2:16,ZONE 1,6.15,3
360,TNS,2021-01-05 21:37,ZONE 1,15.32,5
361,TNS,2020-11-03 7:28,ZONE 1,27.26,8
362,TNS,2021-10-31 4:17,ZONE 1,5.21,21
363,TNS,2021-06-19 19:23,ZONE 1,16.93,6
364,TNS,2022-01-21 20:47,ZONE 1,10.4,4
365,TNS,2021-11-30 19:14,ZONE 1,20.52,13
366,TNS,2022-04-17 18:24,ZONE 1,10.56,4
367,TAXI,2021-03-02 18:20,ZONE 1,11.25,4
368,TNS,2022-03-04 6:06,ZONE 1,28.33,5
369,TNS,2020-07-11 12:38,ZONE 1,9.08,9
370,TAXI,2022-10-02 3:34,ZONE 1,16.5,7
371,TNS,2020-03-05 20:54,ZONE 1,27.25,2
372,TNS,2021-10-17 6:27,ZONE 1,20.48,7
373,TAXI,2021-10-16 5:45,ZONE 1,7.85,0
374,TNS,2022-05-14 20:49,ZONE 1,15.25,4
375,TAXI,2022-10-07 12:04,ZONE 1,34.9,0
376,TNS,2020-05-15 23:07,ZONE 1,19.81,11
377,TAXI,2020-12-27 7:05,ZONE 2,20,5
378,TNS,2020-10-08 2:30,ZONE 1,19.29,9
379,TAXI,2019-09-24 16:50,ZONE 1,25.5,12
380,TNS,2021-05-23 3:30,ZONE 1,28.61,8
381,TNS,2022-07-08 21:09,ZONE 1,20.77,14
382,TAXI,2022-04-15 19:56,ZONE 1,10.17,2
383,TAXI,2022-02-10 11:10,ZONE 1,6.55,0
384,TAXI,2021-11-30 14:44,ZONE 1,15.48,4
385,TAXI,2021-06-25 21:47,ZONE 1,6.44,11
386,TNS,2022-04-27 17:18,ZONE 1,11.41,6
387,TAXI,2020-02-02 22:06,ZONE 2,11.9,0
388,TNS,2022-06-18 5:29,ZONE 1,27.36,10
389,TNS,2021-02-16 21:00,ZONE 1,9.79,4
390,TAXI,2021-08-31 16:20,ZONE 1,34.95,16
391,TAXI,2021-12-29 22:27,ZONE 1,14.85,8
392,TAXI,2021-02-11 17:34,ZONE 1,48.05,0
393,TNS,2021-01-31 6:36,ZONE 1,5.85,7
394,TNS,2021-06-10 18:51,ZONE 1,33.18,5
395,TNS,2020-03-19 12:40,ZONE 1,27.18,6
396,TAXI,2022-07-01 10:38,ZONE 1,18.2,0
397,TNS,2022-08-02 0:54,ZONE 1,27.55,4
398,TNS,2021-02-06 4:59,ZONE 1,10.22,9
399,TAXI,2021-03-11 7:09,ZONE 2,11,6
400,TNS,2022-10-22 17:36,ZONE 1,20.84,5
401,TNS,2022-10-14 3:17,ZONE 1,15.99,9
402,TNS,2021-10-30 11:01,ZONE 1,7.29,3
403,TNS,2022-05-28 1:00,ZONE 1,12.02,4
404,TNS,2022-07-17 1:30,ZONE 1,31.12,19
405,TNS,2022-09-30 20:53,ZONE 1,11.39,15
406,TNS,2022-01-16 0:14,ZONE 1,11.99,2
407,TAXI,2021-05-07 2:42,ZONE 1,14.35,0
408,TAXI,2022-10-27 5:41,ZONE 4,27,3
409,TNS,2020-10-22 3:12,ZONE 1,7.74,6
410,TAXI,2019-10-15 21:00,ZONE 1,18.05,11
411,TNS,2021-10-18 4:21,ZONE 1,6.17,8
412,TNS,2022-08-21 21:04,ZONE 1,17.05,12
413,TAXI,2020-10-04 11:30,ZONE 2,11.9,4
414,TAXI,2022-03-10 4:55,ZONE 2,17,6
415,TAXI,2022-08-24 23:32,ZONE 1,11.6,0
416,TNS,2021-07-17 15:27,ZONE 1,30.33,8
417,TNS,2021-12-23 3:16,ZONE 1,22.87,4
418,TAXI,2021-09-02 18:06,ZONE 1,44.15,6
419,TAXI,2020-09-21 15:25,ZONE 1,33.75,12
420,TNS,2020-02-11 22:02,ZONE 1,18.63,7
421,TNS,2022-06-02 4:05,ZONE 1,23.85,7
422,TNS,2021-09-16 0:34,ZONE 1,13.39,6
423,TAXI,2020-11-10 18:38,ZONE 2,16.9,4
424,TAXI,2021-11-25 23:33,ZONE 4,61.3,9
425,TAXI,2021-08-26 8:16,ZONE 1,8.15,7
426,TNS,2021-11-30 0:04,ZONE 1,11.45,9
427,TNS,2022-01-12 1:44,ZONE 1,13.32,13
428,TNS,2022-04-28 16:51,ZONE 1,11.99,3
429,TNS,2021-07-18 1:43,ZONE 1,14.11,14
430,TNS,2022-06-26 4:29,ZONE 4,14.84,10
431,TNS,2022-09-27 15:11,ZONE 1,13.3,6
432,TNS,2022-04-18 0:51,ZONE 1,18.2,8
433,TNS,2020-11-01 4:32,ZONE 1,9.33,8
434,TNS,2020-02-20 6:39,ZONE 1,8.99,6
435,TNS,2020-06-12 17:44,ZONE 1,18.31,27
436,TAXI,2022-05-11 22:21,ZONE 4,13.55,9
437,TNS,2022-03-08 0:24,ZONE 1,60.36,7
438,TNS,2022-10-01 7:03,ZONE 1,7.97,4
439,TAXI,2022-10-30 19:27,ZONE 1,7.45,6
440,TNS,2022-10-08 18:33,ZONE 1,16.29,5
441,TNS,2022-06-23 1:21,ZONE 1,10.51,14
442,TNS,2021-10-06 18:58,ZONE 1,11.54,4
443,TAXI,2020-05-12 23:50,ZONE 1,28.25,2
444,TAXI,2021-10-22 21:12,ZONE 2,60.8,0
445,TNS,2021-12-13 4:00,ZONE 1,11.25,6
446,TNS,2021-12-15 4:47,ZONE 1,8.33,9
447,TAXI,2022-10-09 18:45,ZONE 1,15.3,6
448,TNS,2022-07-23 6:14,ZONE 1,17.54,14
449,TNS,2021-08-12 4:50,ZONE 1,4.85,13
450,TAXI,2021-07-24 18:07,ZONE 1,17.95,5
451,TNS,2020-08-03 21:26,ZONE 1,10.79,6
452,TNS,2021-06-18 19:36,ZONE 1,21.85,9
453,TNS,2021-04-05 0:16,ZONE 1,7.95,3
454,TAXI,2021-01-18 2:56,ZONE 1,14.35,13
455,TNS,2021-01-31 5:28,ZONE 1,10.69,3
456,TNS,2022-03-26 15:33,ZONE 1,36.81,8
457,TAXI,2022-02-06 5:39,ZONE 2,73.7,10
458,TAXI,2021-06-28 14:37,ZONE 1,20.35,5
459,TNS,2022-01-12 21:16,ZONE 1,18.91,5
460,TAXI,2022-10-02 12:55,ZONE 2,16.3,9
461,TNS,2022-04-04 6:36,ZONE 1,15.02,6
462,TAXI,2020-06-13 18:01,ZONE 1,16.45,5
463,TAXI,2022-05-22 6:00,NA,14.1,0
464,TNS,2022-09-27 0:43,ZONE 1,9.65,3
465,TNS,2021-09-21 8:29,ZONE 1,25.04,9
466,TAXI,2022-07-25 3:08,ZONE 2,25.7,12
467,TAXI,2022-06-29 12:15,ZONE 1,31.5,2
468,TNS,2020-09-30 23:55,ZONE 1,22.71,17
469,TAXI,2021-09-25 18:15,ZONE 1,29.25,6
470,TAXI,2021-07-12 19:50,ZONE 1,7.05,6
471,TNS,2022-09-04 22:45,ZONE 1,6.76,0
472,TNS,2022-09-08 4:16,ZONE 1,11.51,8
473,TAXI,2021-11-27 1:37,ZONE 1,9.65,3
474,TNS,2021-08-08 5:31,ZONE 1,8.95,27
475,TNS,2021-05-08 1:08,ZONE 1,7.99,2
476,TAXI,2019-11-22 3:07,ZONE 2,12.9,0
477,TNS,2020-05-23 14:05,ZONE 1,15.12,20
478,TNS,2022-08-19 18:08,ZONE 1,18.92,8
479,TNS,2021-10-15 4:43,ZONE 1,16.77,3
480,TAXI,2021-12-02 22:29,ZONE 2,9.7,2
481,TAXI,2019-11-17 14:02,ZONE 1,24.95,3
482,TNS,2022-03-15 15:57,ZONE 1,12.98,10
483,TAXI,2021-10-21 9:50,ZONE 1,3.35,11
484,TNS,2021-03-18 0:09,ZONE 1,30.56,5
485,TNS,2021-02-14 23:09,ZONE 1,4.97,6
486,TNS,2020-11-25 6:12,ZONE 1,10.95,3
487,TNS,2021-11-19 5:56,ZONE 1,13.02,6
488,TAXI,2020-07-14 22:56,ZONE 2,7.4,3
489,TNS,2021-04-26 12:34,ZONE 1,9.99,12
490,TAXI,2021-03-09 2:55,ZONE 1,35.05,8
491,TNS,2020-10-03 6:28,ZONE 1,13.53,7
492,TNS,2022-05-20 1:00,ZONE 1,10.64,4
493,TNS,2022-07-14 4:12,ZONE 1,10.7,9
494,TAXI,2022-10-05 13:30,ZONE 1,9.1,0
495,TNS,2022-04-19 23:09,ZONE 1,16.99,8
496,TAXI,2020-02-09 11:21,ZONE 1,23.65,4
497,TNS,2022-04-08 21:04,ZONE 1,11.77,8
498,TNS,2022-08-13 7:07,ZONE 1,9.56,7
499,TAXI,2022-03-29 8:39,ZONE 2,12.2,6
500,TNS,2022-03-03 6:28,ZONE 1,8.06,8
501,TAXI,2021-05-27 16:17,ZONE 1,11.75,1
502,TNS,2020-03-12 1:11,ZONE 1,8.45,5
503,TAXI,2021-03-15 19:41,ZONE 1,18.65,6
504,TAXI,2021-02-27 17:48,ZONE 2,10.1,3
505,TNS,2020-08-12 22:08,ZONE 1,42.07,5
506,TAXI,2021-11-24 17:02,ZONE 1,9.35,0
507,TNS,2021-11-07 5:31,ZONE 1,10.13,12
508,TNS,2022-04-07 14:27,ZONE 1,26.57,12
509,TNS,2021-05-11 12:53,ZONE 1,17.96,6
510,TAXI,2022-09-30 4:34,ZONE 2,15,8
511,TNS,2021-02-19 0:29,ZONE 1,9.33,2
512,TAXI,2022-03-16 22:37,ZONE 1,4.85,0
513,TNS,2021-05-05 21:58,ZONE 1,7.39,14
514,TAXI,2020-06-01 14:47,ZONE 4,10.8,7
515,TNS,2022-10-26 16:15,ZONE 1,14.65,7
516,TAXI,2021-06-15 19:55,ZONE 2,18.9,9
517,TAXI,2020-01-23 18:28,ZONE 2,20,2
518,TNS,2021-04-03 1:34,ZONE 1,5.91,6
519,TNS,2021-07-06 5:16,ZONE 1,7.51,13
520,TNS,2022-10-02 21:39,ZONE 1,12.94,6
521,TNS,2021-02-22 4:00,ZONE 1,7.48,2
522,TAXI,2020-08-19 15:23,ZONE 1,31.85,9
523,TNS,2022-06-14 0:42,ZONE 1,9.99,3
524,TAXI,2021-04-11 19:38,ZONE 1,27.75,0
525,TNS,2020-08-02 0:08,ZONE 1,3.34,8
526,TAXI,2019-09-22 7:58,ZONE 1,17.75,0
527,TAXI,2021-12-10 22:53,ZONE 1,21.35,5
528,TNS,2021-11-10 20:17,ZONE 1,42.48,12
529,TAXI,2022-05-27 23:48,ZONE 4,9.1,0
530,TNS,2021-11-27 17:41,ZONE 1,5.9,17
531,TAXI,2022-02-24 0:07,ZONE 1,26.62,3
532,TNS,2022-10-07 18:43,ZONE 1,18.05,6
533,TNS,2021-01-06 5:06,ZONE 1,6.66,3
534,TAXI,2022-10-07 23:33,ZONE 4,28.35,8
535,TNS,2021-10-01 22:39,ZONE 1,99.45,2
536,TNS,2021-02-20 3:23,ZONE 1,4.63,15
537,TNS,2020-10-01 4:15,ZONE 1,3.6,6
538,TNS,2021-12-02 15:37,ZONE 1,9.4,4
539,TNS,2021-05-29 10:31,ZONE 1,6.31,6
540,TNS,2022-08-13 15:50,ZONE 1,35.94,14
541,TNS,2022-09-05 3:00,ZONE 1,16.02,6
542,TAXI,2020-06-19 6:29,ZONE 1,3.45,12
543,TNS,2020-02-24 3:29,ZONE 1,3.11,3
544,TNS,2022-10-06 15:11,ZONE 1,8.09,5
545,TNS,2020-08-25 12:10,ZONE 1,5.28,5
546,TNS,2022-06-26 19:55,ZONE 1,26.08,6
547,TAXI,2021-10-25 21:47,ZONE 1,15.25,0
548,TNS,2020-12-03 14:58,ZONE 1,21.6,6
549,TAXI,2021-10-26 15:24,ZONE 1,15.95,0
550,TNS,2022-01-04 21:39,ZONE 1,19.16,13
551,TAXI,2021-12-04 2:10,ZONE 2,10.2,3
552,TNS,2022-04-02 7:11,ZONE 1,12.9,5
553,TNS,2022-09-10 2:01,ZONE 1,25.6,15
554,TNS,2022-01-09 18:48,ZONE 1,17.04,7
555,TAXI,2021-04-10 19:22,ZONE 1,10.3,7
556,TNS,2022-06-11 21:41,ZONE 1,13.94,8
557,TAXI,2019-09-19 16:38,ZONE 1,14.85,2
558,TAXI,2022-08-26 1:58,ZONE 1,9.4,6
559,TAXI,2022-01-18 20:51,ZONE 1,4.85,0
560,TNS,2022-09-25 2:16,ZONE 1,30.58,11
561,TNS,2022-10-08 7:50,ZONE 1,12.06,2
562,TNS,2021-04-22 16:09,ZONE 1,10.77,9
563,TNS,2022-07-06 8:37,ZONE 1,63.68,7
564,TNS,2020-09-20 21:52,ZONE 1,5.93,5
565,TNS,2021-07-22 0:37,ZONE 1,5.19,12
566,TNS,2022-09-03 23:10,ZONE 1,12.38,11
567,TNS,2022-04-10 5:28,ZONE 1,23.65,4
568,TNS,2022-07-13 22:09,ZONE 1,19.56,11
569,TNS,2022-05-16 18:05,ZONE 1,15.7,6
570,TAXI,2022-06-01 1:17,ZONE 1,20,0
571,TNS,2021-04-25 3:33,ZONE 1,5.56,2
572,TNS,2022-05-04 19:17,ZONE 3,14.2,16
573,TAXI,2022-04-18 12:37,ZONE 1,13,0
574,TNS,2021-04-29 18:45,ZONE 1,14.54,7
575,TNS,2022-08-05 15:11,ZONE 1,17.13,12
576,TAXI,2021-10-08 6:33,ZONE 2,9.7,0
577,TAXI,2022-02-07 5:12,ZONE 1,5.47,0
578,TNS,2021-04-16 2:42,ZONE 1,8.16,5
579,TNS,2020-09-26 1:21,ZONE 1,46.68,2
580,TAXI,2022-10-05 6:04,ZONE 4,8.25,6
581,TAXI,2020-09-07 8:56,ZONE 1,29.75,0
582,TNS,2020-09-20 20:47,ZONE 1,19.68,16
583,TAXI,2021-04-08 6:30,ZONE 1,13.05,0
584,TAXI,2022-09-20 16:15,ZONE 4,14.8,5
585,TAXI,2021-02-26 22:20,ZONE 1,11.85,3
586,TNS,2021-11-27 12:58,ZONE 1,20.96,15
587,TAXI,2021-08-28 23:21,ZONE 4,13.3,5
588,TNS,2021-05-01 4:41,ZONE 1,8.26,3
589,TNS,2022-04-16 16:07,ZONE 1,20.52,5
590,TNS,2021-10-16 4:37,ZONE 1,9.46,4
591,TNS,2021-03-28 22:51,ZONE 1,7.04,8
592,TNS,2022-09-16 9:30,ZONE 1,19.35,5
593,TAXI,2021-07-04 5:48,ZONE 4,10.7,9
594,TAXI,2021-12-17 16:09,ZONE 1,23.85,8
595,TAXI,2021-12-15 6:28,ZONE 4,7.7,4
596,TAXI,2021-05-05 16:55,ZONE 2,8.2,7
597,TNS,2021-04-06 20:36,ZONE 1,11.56,4
598,TNS,2022-06-26 3:57,ZONE 1,37.63,6
599,TNS,2022-07-02 6:46,ZONE 1,13.28,22
600,TAXI,2021-10-04 18:24,ZONE 2,19.9,6
601,TNS,2021-04-05 20:46,ZONE 1,12.4,9
602,TNS,2020-02-08 1:44,ZONE 1,7.97,12
603,TNS,2021-10-26 18:37,ZONE 1,5.51,7
604,TAXI,2020-11-26 23:14,ZONE 1,24.75,8
605,TAXI,2021-07-12 16:41,ZONE 1,18.15,12
606,TNS,2022-07-29 23:05,ZONE 1,10.29,15
607,TAXI,2022-08-26 9:35,ZONE 1,3.5,5
608,TNS,2022-02-26 23:25,ZONE 1,15.06,14
609,TNS,2020-06-19 8:17,ZONE 1,20.28,14
610,TAXI,2022-08-03 15:45,ZONE 2,14.5,0
611,TNS,2022-02-03 17:34,ZONE 1,8.74,2
612,TNS,2022-03-17 15:49,ZONE 1,8.11,10
613,TAXI,2021-11-20 21:54,ZONE 1,6.5,11
614,TNS,2021-09-19 3:31,ZONE 1,8.95,14
615,TAXI,2020-11-14 1:32,ZONE 1,52.4,46
616,TAXI,2021-10-31 1:59,ZONE 1,17.67,0
617,TNS,2020-12-17 5:08,ZONE 1,18,8
618,TNS,2021-05-23 15:24,ZONE 1,8.78,4
619,TNS,2022-03-27 7:23,ZONE 1,14.35,11
620,TAXI,2021-02-22 20:34,ZONE 1,8.95,4
621,TNS,2022-05-11 7:53,ZONE 1,12.09,3
622,TNS,2021-09-14 23:40,ZONE 1,9.03,9
623,TAXI,2019-09-29 15:56,ZONE 1,8.55,0
624,TAXI,2022-01-18 19:34,ZONE 1,9.35,7
625,TNS,2022-02-17 19:30,ZONE 1,8.77,2
626,TAXI,2022-01-07 22:10,ZONE 1,16.67,0
627,TNS,2021-01-21 1:40,ZONE 1,17.45,4
628,TNS,2020-12-22 19:21,NA,14.91,9
629,TAXI,2022-10-17 0:39,ZONE 3,17.25,5
630,TNS,2022-09-10 1:58,ZONE 1,18.86,7
631,TNS,2022-10-03 16:18,ZONE 1,18.01,3
632,TNS,2022-05-08 6:08,ZONE 1,45.1,17
633,TAXI,2019-11-15 2:02,ZONE 1,3.55,4
634,TAXI,2022-01-21 6:21,ZONE 1,17.95,0
635,TNS,2021-06-02 17:55,ZONE 1,11.72,4
636,TNS,2022-05-01 4:18,ZONE 1,12.18,9
637,TAXI,2022-04-23 7:54,ZONE 2,17.1,20
638,TNS,2020-06-06 12:07,ZONE 1,11.07,28
639,TAXI,2021-02-01 2:25,ZONE 1,12.35,0
640,TAXI,2021-09-27 18:04,ZONE 1,29.52,0
641,TAXI,2022-04-12 18:31,ZONE 1,28.65,6
642,TNS,2021-08-01 8:10,ZONE 1,15.71,9
643,TNS,2020-12-23 15:31,ZONE 1,12.77,9
644,TNS,2022-07-24 6:13,ZONE 1,23.68,12
645,TNS,2021-12-08 7:21,ZONE 1,25.34,6
646,TNS,2021-06-26 21:56,ZONE 1,10.21,9
647,TNS,2022-10-29 18:04,ZONE 1,78.72,3
648,TAXI,2019-09-22 2:41,ZONE 1,7.45,1
649,TNS,2022-03-29 2:54,ZONE 1,21.93,6
650,TAXI,2022-08-21 9:28,ZONE 1,10.4,0
651,TAXI,2020-07-27 3:08,ZONE 1,6.95,8
652,TAXI,2021-06-10 17:21,ZONE 1,17.19,2
653,TAXI,2020-08-17 17:20,ZONE 2,14.3,6
654,TNS,2022-08-03 20:06,ZONE 1,17.65,4
655,TNS,2021-09-09 1:52,ZONE 1,6.03,7
656,TNS,2020-06-22 15:29,ZONE 1,21.6,11
657,TNS,2021-12-01 23:14,ZONE 1,22.28,18
658,TAXI,2020-01-30 2:40,ZONE 1,8.75,7
659,TAXI,2021-12-23 0:54,ZONE 2,18.53,7
660,TAXI,2022-09-12 7:01,ZONE 1,40.1,0
661,TAXI,2021-08-29 8:39,ZONE 1,7.95,3
662,TNS,2022-08-16 20:57,ZONE 1,12.18,12
663,TAXI,2020-01-07 0:09,ZONE 1,19.55,13
664,TNS,2021-06-26 3:01,ZONE 1,16.15,7
665,TNS,2021-09-06 7:03,ZONE 1,11.84,9
666,TNS,2022-06-30 23:23,ZONE 1,13.99,6
667,TNS,2022-10-26 15:55,ZONE 1,18.44,1
668,TNS,2020-11-05 23:53,ZONE 1,7.26,3
669,TNS,2020-08-02 7:33,ZONE 1,31.49,3
670,TNS,2022-10-07 17:19,ZONE 1,29.48,3
671,TNS,2022-03-06 11:55,ZONE 1,19.28,8
672,TAXI,2022-03-08 14:51,ZONE 1,7.55,8
673,TNS,2020-08-15 3:58,ZONE 1,15.1,6
674,TNS,2021-10-02 22:51,ZONE 1,24.3,16
675,TNS,2020-10-25 2:05,ZONE 1,7.72,8
676,TNS,2022-07-30 3:09,ZONE 1,34.34,6
677,TAXI,2019-11-17 6:47,ZONE 1,6.65,0
678,TNS,2022-09-04 6:07,ZONE 1,12.12,5
679,TAXI,2021-11-03 13:24,ZONE 1,6.25,5
680,TNS,2021-03-21 7:45,ZONE 1,8.84,12
681,TNS,2021-11-24 15:02,ZONE 1,7.62,6
682,TNS,2021-12-11 18:29,ZONE 1,30.73,10
683,TNS,2020-03-05 0:06,ZONE 1,10.75,4
684,TNS,2020-06-28 9:23,ZONE 1,23.07,10
685,TAXI,2022-04-27 11:57,ZONE 1,8.5,4
686,TNS,2021-01-24 0:12,ZONE 1,35.25,14
687,TNS,2021-04-03 0:10,ZONE 1,15.37,7
688,TAXI,2022-08-14 9:46,ZONE 2,14.3,0
689,TAXI,2022-07-10 0:32,ZONE 4,21.5,16
690,TAXI,2021-07-11 16:45,ZONE 1,17.67,5
691,TNS,2021-12-23 15:29,ZONE 1,17.18,10
692,TNS,2022-03-03 15:19,ZONE 1,13.02,3
693,TAXI,2022-01-19 23:41,ZONE 1,20.05,4
694,TNS,2021-02-03 14:37,ZONE 1,6.4,17
695,TNS,2022-07-23 14:48,ZONE 1,21.28,6
696,TNS,2022-09-04 3:15,ZONE 1,22.44,4
697,TAXI,2022-08-21 0:55,ZONE 1,7.2,0
698,TNS,2022-09-05 6:57,ZONE 1,11.06,6
699,TAXI,2020-12-29 17:35,ZONE 2,15.2,6
700,TNS,2022-06-20 9:23,ZONE 1,19.33,7
701,TAXI,2021-07-16 5:21,ZONE 1,3.19,12
702,TNS,2021-02-15 3:45,ZONE 1,30.16,8
703,TNS,2022-03-27 17:45,ZONE 1,28.99,14
704,TNS,2021-06-14 17:24,ZONE 1,20.44,6
705,TAXI,2020-10-05 19:11,ZONE 2,14.4,7
706,TNS,2022-05-23 5:35,ZONE 1,14.49,5
707,TNS,2021-05-28 6:42,ZONE 1,12.29,8
708,TAXI,2021-10-30 6:00,ZONE 1,13.85,5
709,TAXI,2022-09-09 17:18,ZONE 1,15,0
710,TAXI,2021-12-09 15:05,ZONE 1,14.65,4
711,TNS,2022-06-28 3:06,ZONE 1,29.17,15
712,TNS,2021-12-17 7:01,ZONE 1,10.12,11
713,TNS,2022-01-20 0:53,ZONE 1,17.99,3
714,TAXI,2019-11-15 5:30,ZONE 1,30.85,4
715,TAXI,2022-03-06 8:43,ZONE 1,31.15,0
716,TNS,2022-07-23 4:56,ZONE 1,10.73,7
717,TNS,2022-08-27 15:49,ZONE 1,23.59,13
718,TNS,2021-09-25 22:05,ZONE 1,35.26,13
719,TAXI,2022-02-05 1:29,ZONE 1,14.25,0
720,TNS,2022-01-11 20:56,ZONE 1,11.36,6
721,TAXI,2021-01-10 1:24,ZONE 2,16,6
722,TNS,2021-10-29 1:07,ZONE 1,11.55,12
723,TNS,2021-07-12 15:16,ZONE 1,40.07,23
724,TNS,2021-11-21 3:59,ZONE 1,15.1,6
725,TAXI,2020-01-06 10:23,ZONE 2,6.72,0
726,TAXI,2021-07-07 22:05,ZONE 1,36.5,10
727,TNS,2022-08-12 5:34,ZONE 1,38.52,12
728,TAXI,2022-07-13 4:26,ZONE 1,29.8,0
729,TAXI,2021-09-24 22:59,ZONE 2,13.8,3
730,TNS,2021-05-01 7:52,ZONE 1,10.68,11
731,TAXI,2019-12-16 14:35,ZONE 1,8.85,4
732,TNS,2021-08-19 19:08,ZONE 1,15.76,14
733,TAXI,2020-09-02 22:56,ZONE 1,13.58,0
734,TNS,2020-08-09 3:00,ZONE 1,17.49,3
735,TNS,2021-11-28 7:55,ZONE 1,17.69,10
736,TAXI,2022-06-26 7:49,ZONE 2,6.3,0
737,TNS,2022-07-02 1:13,ZONE 1,10.9,6
738,TNS,2022-07-23 13:28,ZONE 1,18.07,11
739,TNS,2021-02-01 6:44,ZONE 1,10.76,12
740,TNS,2022-07-25 19:55,ZONE 1,15.28,9
741,TAXI,2022-08-12 13:28,ZONE 1,48.6,6
742,TNS,2022-06-19 4:48,ZONE 1,10.86,1
743,TNS,2021-08-10 19:54,ZONE 1,4.57,18
744,TNS,2022-08-19 1:32,ZONE 1,24.94,7
745,TNS,2021-06-26 20:45,ZONE 1,10.9,11
746,TNS,2020-10-11 23:32,ZONE 1,8.35,2
747,TNS,2022-10-05 20:19,ZONE 1,9.87,2
748,TNS,2020-12-26 6:26,ZONE 1,4.79,8
749,TNS,2020-09-19 7:55,ZONE 1,4.91,3
750,TAXI,2021-02-09 22:14,ZONE 1,36.16,4
751,TNS,2022-07-23 0:00,ZONE 1,22.06,5
752,TNS,2020-09-23 22:05,ZONE 1,6,6
753,TAXI,2021-06-08 22:20,ZONE 1,9.33,0
754,TNS,2022-10-06 0:38,ZONE 1,42.96,6
755,TNS,2022-10-08 18:05,ZONE 1,15.69,8
756,TNS,2021-03-26 23:05,ZONE 1,12.63,3
757,TNS,2020-12-12 20:32,ZONE 1,4.21,3
758,TNS,2021-06-06 1:22,ZONE 1,10.75,2
759,TAXI,2021-10-15 8:14,ZONE 1,19.95,16
760,TNS,2021-11-08 10:21,ZONE 1,7.58,14
761,TAXI,2021-10-02 7:43,ZONE 1,4.55,4
762,TAXI,2020-10-10 18:48,ZONE 1,9.85,6
763,TNS,2022-01-06 0:20,ZONE 1,20.67,11
764,TNS,2022-02-15 19:37,ZONE 1,13.21,3
765,TAXI,2021-06-16 16:48,ZONE 2,13.8,4
766,TNS,2022-09-18 15:17,ZONE 1,15.26,8
767,TNS,2020-09-19 0:07,ZONE 1,3.35,10
768,TAXI,2022-08-19 0:25,ZONE 4,12.3,7
769,TAXI,2022-06-02 12:50,ZONE 1,21,2
770,TNS,2021-05-26 17:26,ZONE 1,9.49,5
771,TNS,2021-09-28 23:03,ZONE 1,11.98,5
772,TNS,2020-11-06 1:25,ZONE 1,8.69,5
773,TAXI,2021-10-14 2:14,ZONE 1,9.15,4
774,TNS,2022-09-21 15:58,ZONE 1,13.23,6
775,TAXI,2020-01-15 13:20,ZONE 1,7.75,5
776,TNS,2021-07-07 22:48,ZONE 1,3.59,8
777,TNS,2022-03-31 4:24,ZONE 1,25.82,3
778,TNS,2021-09-11 6:41,ZONE 1,14.56,4
779,TNS,2022-01-16 19:56,ZONE 1,27.6,9
780,TAXI,2021-07-26 7:31,ZONE 1,6.85,0
781,TNS,2021-08-29 2:50,ZONE 1,24.53,3
782,TAXI,2022-10-21 19:51,ZONE 1,6.2,9
783,TAXI,2021-06-28 11:42,ZONE 1,43.38,16
784,TAXI,2021-08-03 16:28,ZONE 1,27.15,0
785,TAXI,2021-03-11 1:18,ZONE 1,15.85,4
786,TNS,2022-08-30 23:00,ZONE 1,19.22,4
787,TAXI,2020-07-04 18:36,ZONE 1,18.95,6
788,TNS,2021-08-09 2:34,ZONE 1,8.09,2
789,TAXI,2021-05-16 2:15,ZONE 1,13.05,2
790,TAXI,2022-06-15 1:01,ZONE 1,9.8,5
791,TAXI,2022-02-08 23:34,ZONE 1,14.65,1
792,TNS,2022-04-24 3:46,ZONE 1,15.4,12
793,TNS,2022-04-06 16:03,ZONE 1,11.33,6
794,TAXI,2022-06-08 4:47,ZONE 2,7.3,0
795,TNS,2021-08-25 2:26,ZONE 1,4.31,6
796,TNS,2022-09-05 10:03,ZONE 1,31.37,20
797,TNS,2021-09-05 3:38,ZONE 1,14.2,4
798,TNS,2020-03-06 5:22,ZONE 1,13.86,17
799,TAXI,2022-08-06 9:15,ZONE 2,14.7,0
800,TAXI,2022-07-24 21:24,ZONE 4,21.3,5
801,TNS,2021-11-14 21:12,ZONE 1,17.61,7
802,TNS,2021-10-26 22:02,ZONE 1,15.2,27
803,TAXI,2021-11-10 19:05,ZONE 2,16.8,5
804,TAXI,2021-11-14 8:53,ZONE 1,15.55,8
805,TNS,2021-04-15 16:47,ZONE 1,11.65,2
806,TAXI,2019-11-10 8:22,ZONE 1,9.55,0
807,TAXI,2020-11-07 4:45,ZONE 2,8.1,9
808,TAXI,2021-08-12 16:32,ZONE 2,13.1,6
809,TAXI,2021-06-28 14:52,ZONE 1,11.05,1
810,TNS,2022-01-16 5:46,ZONE 1,45.56,5
811,TNS,2022-06-22 0:55,ZONE 1,19.68,9
812,TNS,2021-07-14 1:09,ZONE 1,11.63,5
813,TNS,2021-08-31 20:26,ZONE 1,37.63,12
814,TAXI,2019-12-19 17:10,ZONE 1,13.55,3
815,TNS,2021-03-27 14:01,ZONE 1,12.93,5
816,TNS,2020-12-21 0:58,ZONE 1,33.18,11
817,TNS,2021-12-30 8:43,ZONE 1,72.96,5
818,TNS,2022-10-15 6:44,ZONE 1,17.73,7
819,TNS,2021-01-04 2:32,ZONE 1,17.47,5
820,TNS,2022-02-03 22:01,ZONE 1,10.3,10
821,TNS,2022-07-16 10:42,ZONE 1,23.75,6
822,TNS,2022-08-10 23:53,ZONE 1,53.5,4
823,TAXI,2021-07-07 6:36,ZONE 1,6.55,4
824,TNS,2022-05-16 17:15,ZONE 1,25.23,7
825,TNS,2022-06-01 2:54,ZONE 1,29.35,25
826,TNS,2022-07-26 4:34,ZONE 1,17.91,9
827,TNS,2022-04-06 20:54,ZONE 1,33.16,17
828,TNS,2021-10-23 8:06,ZONE 1,85.35,7
829,TAXI,2021-12-31 8:56,ZONE 2,17.8,7
830,TNS,2021-11-14 8:24,ZONE 1,27.66,8
831,TNS,2020-07-18 23:03,ZONE 1,10.22,2
832,TNS,2022-08-23 18:32,ZONE 1,8.54,5
833,TAXI,2021-10-16 12:02,ZONE 1,21.35,6
834,TNS,2021-08-16 13:43,ZONE 1,15.36,4
835,TAXI,2020-12-05 1:12,ZONE 1,7.53,0
836,TNS,2020-06-20 7:09,ZONE 1,23.54,7
837,TNS,2022-09-30 7:55,ZONE 1,41.57,16
838,TNS,2021-09-26 7:44,ZONE 1,9.69,7
839,TNS,2022-01-01 6:01,ZONE 1,18.68,18
840,TAXI,2021-10-02 9:00,ZONE 4,57.6,21
841,TNS,2020-10-26 21:31,ZONE 1,11.13,9
842,TNS,2021-04-11 7:53,ZONE 1,5.62,11
843,TAXI,2019-10-04 15:39,ZONE 4,11.3,13
844,TNS,2022-08-21 20:19,ZONE 1,23.37,4
845,TNS,2020-08-31 21:23,ZONE 1,21.71,9
846,TAXI,2022-09-22 2:52,ZONE 4,16.1,7
847,TNS,2021-12-14 1:51,ZONE 1,16.6,9
848,TAXI,2020-08-29 9:53,ZONE 2,19.7,6
849,TNS,2022-06-15 17:30,ZONE 1,10.1,7
850,TNS,2020-08-01 22:57,ZONE 1,23.95,5
851,TAXI,2021-04-19 2:28,ZONE 2,13.5,0
852,TAXI,2022-10-30 2:25,ZONE 1,8.4,7
853,TNS,2022-10-27 18:54,ZONE 1,18.8,9
854,TAXI,2020-08-03 7:25,ZONE 1,11.35,0
855,TNS,2021-02-04 3:04,ZONE 1,8.83,11
856,TAXI,2022-10-02 18:36,ZONE 4,18.6,0
857,TNS,2021-10-02 4:48,ZONE 1,10.84,5
858,TNS,2022-05-08 0:01,ZONE 1,16.43,8
859,TAXI,2022-04-26 10:46,ZONE 1,11.81,7
860,TAXI,2021-04-23 21:23,ZONE 1,11.05,5
861,TAXI,2021-04-28 8:42,ZONE 4,14.2,9
862,TAXI,2021-05-21 21:53,ZONE 1,44.43,0
863,TNS,2020-08-30 9:04,ZONE 1,28.05,7
864,TNS,2021-12-15 0:22,ZONE 1,16.72,21
865,TNS,2022-05-26 14:54,ZONE 1,28.83,21
866,TAXI,2020-10-16 23:18,ZONE 2,9.2,10
867,TNS,2020-11-25 16:29,ZONE 1,9.34,16
868,TNS,2020-11-19 22:45,ZONE 1,11.5,11
869,TNS,2022-09-11 5:59,ZONE 1,25.02,10
870,TNS,2020-12-16 19:59,ZONE 1,30.09,2
871,TNS,2021-07-24 1:00,ZONE 1,11.43,10
872,TNS,2020-12-08 2:36,ZONE 1,13.19,15
873,TNS,2022-09-19 21:03,ZONE 1,34.82,8
874,TNS,2021-09-24 22:54,ZONE 1,15.42,15
875,TNS,2021-08-16 16:57,ZONE 1,5.8,15
876,TNS,2022-07-30 16:17,ZONE 1,23.02,6
877,TAXI,2019-09-21 21:27,ZONE 2,15.1,4
878,TNS,2022-03-11 16:38,ZONE 1,9.54,12
879,TNS,2021-01-11 23:48,ZONE 1,10.87,5
880,TNS,2021-12-21 18:56,ZONE 1,10.76,13
881,TNS,2020-12-01 15:53,ZONE 1,8.61,10
882,TAXI,2022-09-06 2:31,ZONE 1,13.9,5
883,TNS,2021-03-02 20:34,ZONE 1,9.27,5
884,TNS,2021-05-23 8:06,ZONE 1,19.82,5
885,TNS,2022-03-06 2:41,ZONE 1,52.1,19
886,TAXI,2020-12-13 20:10,ZONE 1,59.3,3
887,TNS,2021-09-26 21:01,ZONE 1,18.99,17
888,TNS,2022-07-01 12:29,ZONE 1,13.81,18
889,TNS,2021-09-02 20:51,ZONE 1,22.19,14
890,TAXI,2020-01-22 1:22,ZONE 1,12.75,0
891,TAXI,2022-10-09 2:06,ZONE 2,8.9,0
892,TAXI,2020-10-21 2:34,ZONE 1,7.2,5
893,TNS,2021-06-25 16:02,ZONE 1,11.54,5
894,TAXI,2022-05-24 15:48,ZONE 1,9.6,5
895,TNS,2022-02-14 23:13,ZONE 1,11.38,13
896,TAXI,2020-02-02 0:44,ZONE 2,6.6,5
897,TNS,2020-04-27 7:11,ZONE 1,36.4,17
898,TNS,2021-11-18 14:16,ZONE 1,46.23,10
899,TAXI,2019-10-15 20:38,ZONE 1,3.45,0
900,TNS,2021-11-10 1:33,ZONE 1,11.76,10
901,TNS,2022-10-30 2:14,ZONE 1,9.99,4
902,TNS,2020-09-06 9:27,ZONE 1,12.71,8
903,TNS,2021-08-13 10:04,ZONE 1,11.96,12
904,TNS,2021-10-04 16:17,ZONE 1,12.23,17
905,TNS,2021-09-03 23:12,ZONE 1,19.69,17
906,TNS,2020-11-01 8:31,ZONE 1,15.78,3
907,TNS,2020-03-06 6:34,ZONE 1,8.69,5
908,TNS,2021-07-03 16:31,ZONE 1,19.68,9
909,TNS,2022-07-21 21:14,ZONE 1,9.38,2
910,TNS,2021-03-03 22:48,ZONE 1,9.46,6
911,TNS,2022-04-09 6:36,ZONE 1,13.09,1
912,TNS,2022-10-09 0:24,ZONE 1,10.78,9
913,TNS,2021-01-27 4:49,ZONE 1,8.08,7
914,TAXI,2021-07-28 22:46,ZONE 1,9.25,6
915,TAXI,2019-11-24 3:55,ZONE 1,3.35,0
916,TAXI,2022-09-01 1:41,ZONE 1,13.2,0
917,TAXI,2022-09-12 1:33,ZONE 2,75.6,0
918,TNS,2022-10-08 5:51,ZONE 1,25.08,11
919,TNS,2021-06-01 21:57,ZONE 1,13.99,19
920,TAXI,2022-04-08 22:23,ZONE 2,13.3,4
921,TNS,2021-04-05 19:24,ZONE 1,16.52,7
922,TNS,2021-07-04 4:13,ZONE 1,5.85,4
923,TAXI,2021-07-06 2:02,ZONE 2,13,0
924,TNS,2022-06-16 18:44,ZONE 1,37.62,16
925,TNS,2020-04-01 1:39,ZONE 1,15.14,9
926,TNS,2022-10-22 5:23,ZONE 1,20.7,11
927,TNS,2020-11-12 18:53,ZONE 1,9.05,3
928,TNS,2020-07-25 4:07,ZONE 1,9.8,2
929,TAXI,2021-01-09 8:19,ZONE 1,9.05,9
930,TNS,2022-03-17 22:12,ZONE 1,8.26,10
931,TNS,2022-01-13 1:28,ZONE 1,14.5,19
932,TNS,2021-02-06 21:38,ZONE 1,23.43,2
933,TAXI,2019-09-28 8:16,ZONE 1,16.35,0
934,TNS,2021-05-16 12:20,ZONE 1,17.99,12
935,TNS,2021-10-08 1:43,ZONE 1,30.23,5
936,TAXI,2019-10-23 17:10,ZONE 2,8.3,4
937,TNS,2022-10-18 22:26,ZONE 1,8.47,11
938,TNS,2022-03-02 20:48,ZONE 1,11.84,8
939,TAXI,2020-11-25 7:59,ZONE 1,7.75,6
940,TAXI,2022-06-03 22:01,ZONE 1,16.95,0
941,TNS,2022-02-19 7:52,ZONE 1,14.37,4
942,TNS,2021-11-24 19:00,ZONE 1,13.45,8
943,TAXI,2021-08-21 0:47,ZONE 2,123.9,0
944,TAXI,2022-04-26 0:47,ZONE 2,10.8,6
945,TAXI,2021-03-03 20:45,ZONE 4,17.3,7
946,TAXI,2022-06-05 12:27,ZONE 1,9.4,6
947,TAXI,2022-02-18 23:23,ZONE 4,16.05,0
948,TAXI,2022-09-10 21:48,ZONE 1,13,0
949,TNS,2022-10-19 12:37,ZONE 1,8.99,3
950,TAXI,2020-10-16 23:17,NA,5.3,15
951,TAXI,2022-05-09 5:47,ZONE 1,27.7,1
952,TAXI,2021-08-08 10:29,ZONE 2,7.8,7
953,TAXI,2019-09-18 3:27,ZONE 1,6.25,0
954,TAXI,2021-11-18 14:52,ZONE 4,10.5,7
955,TNS,2022-01-26 2:07,ZONE 1,10,1
956,TNS,2021-08-10 14:43,ZONE 1,51.48,12
957,TAXI,2021-11-05 4:24,ZONE 4,10.1,3
958,TNS,2022-02-14 17:35,ZONE 1,15.7,12
959,TNS,2020-04-16 16:41,ZONE 1,17.08,4
960,TNS,2021-06-06 2:21,ZONE 1,16.57,1
961,TAXI,2022-02-27 14:07,ZONE 2,9.1,2
962,TNS,2021-03-06 3:39,ZONE 1,15.36,7
963,TAXI,2022-05-25 19:29,ZONE 1,7.8,0
964,TNS,2020-03-01 23:19,ZONE 1,9.3,3
965,TNS,2022-02-28 8:46,ZONE 1,8.15,6
966,TNS,2021-08-25 21:27,ZONE 1,8.99,10
967,TNS,2021-04-04 6:23,ZONE 1,9.51,8
968,TNS,2021-05-13 3:57,ZONE 1,6.96,1
969,TNS,2022-09-25 5:38,ZONE 1,31.21,21
970,TAXI,2020-02-09 6:45,ZONE 1,11.25,0
971,TNS,2022-09-30 13:19,ZONE 1,42.83,7
972,TNS,2021-10-07 20:59,ZONE 1,43.34,16
973,TNS,2021-10-17 8:00,ZONE 1,22.5,8
974,TAXI,2021-05-08 4:09,ZONE 2,30.09,6
975,TNS,2022-07-14 0:42,ZONE 1,9.91,7
976,TNS,2020-09-05 12:06,ZONE 1,7.4,13
977,TNS,2021-11-01 3:56,ZONE 1,37.99,7
978,TNS,2020-06-27 22:18,ZONE 1,16.76,4
979,TAXI,2021-09-16 21:42,ZONE 1,4.65,4
980,TNS,2021-06-19 11:46,ZONE 1,25.19,7
981,TAXI,2022-10-17 3:48,ZONE 2,15.2,3
982,TAXI,2022-06-26 11:47,ZONE 1,9.56,0
983,TNS,2022-07-12 16:11,ZONE 1,22.97,3
984,TAXI,2022-05-10 18:37,ZONE 1,5,0
985,TAXI,2022-08-26 19:38,ZONE 4,28.95,19
986,TNS,2021-12-16 3:43,ZONE 1,16.73,11
987,TAXI,2020-01-12 8:45,ZONE 1,14.65,4
988,TNS,2022-03-24 13:24,ZONE 1,44.14,18
989,TAXI,2021-09-27 19:41,ZONE 2,48.7,8
990,TNS,2021-06-27 22:17,ZONE 1,7.22,9
991,TNS,2020-11-17 23:22,ZONE 1,12.21,5
992,TNS,2022-09-15 23:27,ZONE 1,19.68,7
993,TNS,2021-04-21 1:29,ZONE 1,9,3
994,TNS,2021-10-11 16:10,ZONE 1,17.12,5
995,TNS,2022-04-22 3:01,ZONE 1,9.7,5
996,TAXI,2019-12-29 3:31,ZONE 1,15.75,6
997,TNS,2021-09-27 21:52,ZONE 1,32.55,6
998,TNS,2022-02-01 17:28,ZONE 1,13.5,39
999,TAXI,2021-01-23 2:53,ZONE 4,10.5,5
1000,TAXI,2022-02-02 15:14,ZONE 1,19.4,0
1001,TNS,2021-09-12 0:13,ZONE 1,24.14,5
1002,TAXI,2022-09-19 3:11,ZONE 1,7.6,0
1003,TNS,2021-06-25 5:12,ZONE 1,11.44,5
1004,TAXI,2021-11-23 21:55,ZONE 1,9.25,2
1005,TAXI,2022-01-30 0:13,ZONE 1,32,0
1006,TNS,2021-09-27 5:51,ZONE 1,16.58,8
1007,TNS,2022-08-19 14:12,ZONE 1,18.15,7
1008,TAXI,2022-03-26 6:25,ZONE 3,10.95,11
1009,TAXI,2021-07-27 23:31,ZONE 1,12.35,2
1010,TNS,2021-06-15 13:16,ZONE 1,22.12,15
1011,TNS,2022-07-29 2:45,ZONE 1,45.87,9
1012,TNS,2020-10-25 9:21,ZONE 1,9.01,4
1013,TNS,2021-10-13 18:17,ZONE 1,10.3,6
1014,TNS,2021-06-18 0:15,ZONE 1,7.66,4
1015,TNS,2021-03-10 2:33,ZONE 1,18.48,3
1016,TAXI,2021-02-27 21:22,ZONE 1,6.75,3
1017,TAXI,2022-02-25 13:36,ZONE 1,20,8
1018,TNS,2021-05-09 5:37,ZONE 1,34.14,17
1019,TNS,2022-08-31 22:39,ZONE 1,16.56,8
1020,TNS,2020-07-05 21:46,ZONE 1,28.41,13
1021,TAXI,2021-11-27 8:52,ZONE 2,7.9,0
1022,TNS,2022-04-02 19:05,ZONE 1,17.3,7
1023,TAXI,2020-03-07 5:39,ZONE 1,6.25,0
1024,TAXI,2019-10-03 0:05,ZONE 1,12.95,0
1025,TAXI,2022-03-17 16:44,ZONE 1,7.75,3
1026,TNS,2021-05-07 2:34,ZONE 1,15.63,5
1027,TAXI,2022-09-03 2:58,ZONE 1,32.7,5
1028,TAXI,2019-12-26 18:50,ZONE 1,11.65,0
1029,TNS,2022-06-11 20:33,ZONE 1,31.85,3
1030,TNS,2022-09-08 6:46,ZONE 1,30.08,3
1031,TNS,2021-02-07 7:31,ZONE 1,4.69,3
1032,TNS,2021-08-23 1:27,ZONE 1,28.59,22
1033,TNS,2021-12-04 18:33,ZONE 1,12.26,5
1034,TNS,2021-06-26 8:51,ZONE 1,10.83,2
1035,TNS,2021-09-03 17:02,ZONE 1,17.8,12
1036,TNS,2020-03-17 16:41,ZONE 1,16.56,12
1037,TNS,2022-03-29 23:15,ZONE 1,15.33,7
1038,TAXI,2021-04-28 7:16,ZONE 4,19.5,5
1039,TNS,2020-07-04 7:43,ZONE 1,13.97,6
1040,TAXI,2020-03-29 20:55,ZONE 1,8.55,3
1041,TNS,2021-11-25 20:49,ZONE 1,21.83,10
1042,TNS,2020-09-04 21:15,ZONE 1,14.3,16
1043,TAXI,2020-06-30 12:39,ZONE 1,10.88,5
1044,TNS,2022-06-28 9:02,ZONE 1,36.59,11
1045,TNS,2020-06-12 1:13,NA,32.84,5
1046,TAXI,2022-10-29 5:20,ZONE 4,13.6,6
1047,TAXI,2020-01-11 9:54,ZONE 1,14.4,0
1048,TAXI,2021-04-09 14:14,ZONE 1,6.45,6
1049,TNS,2022-05-12 13:36,ZONE 1,36.81,6
1050,TAXI,2019-12-10 12:42,ZONE 1,8.75,0
1051,TNS,2021-06-14 0:52,ZONE 1,38.98,3
1052,TNS,2022-09-02 2:48,ZONE 1,7.94,6
1053,TNS,2022-07-22 21:13,ZONE 1,19.58,7
1054,TNS,2020-03-06 5:15,ZONE 1,32.1,22
1055,TNS,2022-09-07 10:57,ZONE 1,38.73,6
1056,TNS,2021-04-24 23:21,ZONE 1,9.19,2
1057,TAXI,2020-12-08 17:12,ZONE 2,9,8
1058,TNS,2020-12-19 16:53,ZONE 1,11.35,7
1059,TNS,2020-07-31 3:32,ZONE 1,28.61,6
1060,TAXI,2021-03-26 13:45,ZONE 1,19.65,0
1061,TAXI,2020-03-09 0:53,ZONE 1,40.65,0
1062,TAXI,2020-02-28 5:59,ZONE 1,26.55,0
1063,TNS,2020-06-16 20:09,ZONE 1,8.98,4
1064,TNS,2022-06-30 15:49,ZONE 1,19.9,15
1065,TAXI,2021-05-28 17:29,ZONE 1,15.75,1
1066,TNS,2022-04-14 18:52,ZONE 1,9.21,6
1067,TNS,2021-09-18 7:45,ZONE 1,7.24,6
1068,TAXI,2019-10-20 4:38,ZONE 1,9.95,0
1069,TNS,2021-02-27 0:10,ZONE 1,6.14,5
1070,TNS,2021-03-30 5:24,ZONE 1,8.72,7
1071,TNS,2021-08-27 5:15,ZONE 1,29.61,3
1072,TNS,2021-10-23 16:46,ZONE 1,69.93,15
1073,TNS,2022-02-17 22:34,ZONE 1,7.49,4
1074,TAXI,2021-08-15 3:14,ZONE 2,13.3,10
1075,TNS,2020-06-05 22:13,ZONE 1,31.43,6
1076,TAXI,2020-08-02 1:33,ZONE 1,13.45,10
1077,TNS,2020-07-14 23:48,ZONE 1,27.66,11
1078,TNS,2021-11-14 16:55,ZONE 1,77.56,23
1079,TNS,2020-01-27 2:22,ZONE 1,8.2,5
1080,TAXI,2022-03-28 13:34,ZONE 1,12.55,8
1081,TAXI,2022-07-18 8:39,ZONE 1,34.9,3
1082,TNS,2021-12-28 5:31,ZONE 1,39.49,10
1083,TNS,2020-08-22 2:45,ZONE 1,11.66,5
1084,TAXI,2022-10-12 12:38,ZONE 5,9.8,9
1085,TNS,2021-03-14 1:32,ZONE 1,12.06,9
1086,TAXI,2022-07-11 22:55,ZONE 1,17.95,7
1087,TAXI,2022-09-17 5:28,ZONE 2,3.6,13
1088,TNS,2020-10-12 8:35,ZONE 1,5.3,10
1089,TNS,2020-11-07 4:08,ZONE 1,11.52,2
1090,TNS,2022-05-26 18:52,ZONE 1,14.25,7
1091,TNS,2022-07-23 8:23,ZONE 1,24.87,5
1092,TNS,2021-11-20 21:19,ZONE 1,13.78,22
1093,TNS,2022-09-26 11:03,ZONE 1,25.12,0
1094,TAXI,2021-03-07 7:23,ZONE 2,33.7,0
1095,TNS,2022-04-03 3:25,ZONE 1,12.8,8
1096,TNS,2022-09-29 20:22,ZONE 1,12.9,5
1097,TNS,2021-09-22 16:43,ZONE 1,3.41,4
1098,TNS,2022-10-08 14:06,ZONE 1,14.34,7
1099,TNS,2022-09-11 20:13,ZONE 1,11.62,5
1100,TNS,2021-11-19 7:40,ZONE 1,12.03,5
1101,TNS,2021-03-26 19:14,ZONE 1,16.26,10
1102,TAXI,2022-08-21 5:44,ZONE 1,33.9,7
1103,TAXI,2022-01-09 12:45,ZONE 1,12.95,9
1104,TNS,2021-04-24 18:25,ZONE 1,9.09,3
1105,TAXI,2021-09-22 15:15,ZONE 2,13.1,6
1106,TNS,2022-04-30 2:31,ZONE 1,9.98,5
1107,TAXI,2022-05-20 16:38,ZONE 2,60.8,0
1108,TNS,2022-09-09 14:30,ZONE 1,16.21,4
1109,TNS,2020-08-08 6:08,ZONE 1,11.11,2
1110,TNS,2022-01-22 7:42,NA,12.06,4
1111,TNS,2021-09-19 6:33,ZONE 1,19.09,9
1112,TNS,2021-12-16 19:24,ZONE 1,19.01,19
1113,TAXI,2022-09-19 7:12,ZONE 1,8,5
1114,TNS,2022-06-17 3:09,NA,22.42,6
1115,TNS,2020-10-08 2:25,ZONE 1,17.64,4
1116,TNS,2021-05-02 16:50,ZONE 1,15,9
1117,TAXI,2022-04-30 3:03,ZONE 2,24.5,6
1118,TAXI,2022-08-10 22:13,ZONE 1,7.5,0
1119,TNS,2021-06-17 17:24,ZONE 1,8.91,3
1120,TNS,2022-07-17 16:45,ZONE 1,54.11,10
1121,TNS,2021-02-23 18:52,ZONE 1,4.91,2
1122,TAXI,2022-02-08 4:50,ZONE 4,9.1,12
1123,TNS,2021-09-05 4:34,ZONE 1,74.63,5
1124,TNS,2021-10-29 4:40,ZONE 1,25,22
1125,TNS,2021-06-19 22:46,ZONE 1,14.03,8
1126,TAXI,2022-08-07 21:11,ZONE 2,3.6,0
1127,TNS,2021-05-29 12:19,ZONE 1,6.48,5
1128,TAXI,2022-10-18 18:35,ZONE 2,86.3,7
1129,TNS,2022-05-21 5:41,ZONE 1,14.75,4
1130,TNS,2022-05-12 13:46,ZONE 1,23.57,8
1131,TAXI,2021-10-30 18:30,ZONE 1,8.56,0
1132,TAXI,2020-01-20 15:50,ZONE 1,21.45,10
1133,TAXI,2021-08-09 18:32,ZONE 1,10.55,0
1134,TNS,2022-07-10 3:57,ZONE 1,23.55,8
1135,TAXI,2020-09-01 1:33,ZONE 1,13.45,5
1136,TNS,2022-06-04 2:04,ZONE 1,105.19,6
1137,TNS,2020-11-02 22:27,ZONE 1,10.57,6
1138,TAXI,2022-05-18 20:15,ZONE 4,10.6,7
1139,TNS,2020-07-11 15:56,ZONE 1,10.52,5
1140,TAXI,2022-08-25 12:22,ZONE 1,24.7,1
1141,TNS,2021-08-25 17:38,ZONE 1,7.79,14
1142,TNS,2022-05-03 17:25,ZONE 1,10.27,2
1143,TNS,2022-06-14 21:05,ZONE 1,9.27,3
1144,TNS,2021-10-03 4:16,ZONE 1,10.31,7
1145,TAXI,2022-09-10 20:43,ZONE 1,16.8,0
1146,TNS,2021-07-11 0:34,ZONE 1,14.16,13
1147,TNS,2022-05-10 23:15,ZONE 1,10.73,4
1148,TAXI,2022-03-12 2:41,ZONE 2,12.5,8
1149,TNS,2021-07-19 1:08,ZONE 1,9.41,4
1150,TAXI,2019-10-12 1:13,ZONE 1,14.65,3
1151,TNS,2020-12-26 10:04,ZONE 1,10.17,20
1152,TAXI,2022-04-14 17:31,ZONE 2,18,2
1153,TNS,2022-08-21 21:08,ZONE 1,14.98,16
1154,TNS,2022-08-16 3:15,ZONE 1,45.79,6
1155,TNS,2021-07-24 8:40,ZONE 1,9.26,24
1156,TAXI,2022-10-24 0:44,ZONE 1,10,9
1157,TNS,2021-06-21 18:40,ZONE 1,14.88,8
1158,TNS,2021-05-21 1:30,ZONE 1,22.31,7
1159,TAXI,2021-12-31 18:02,ZONE 1,9.1,20
1160,TAXI,2020-07-17 23:03,ZONE 1,10.45,4
1161,TNS,2021-04-23 13:37,ZONE 1,18.99,15
1162,TNS,2022-07-05 7:18,ZONE 1,18.65,20
1163,TAXI,2022-02-18 7:47,ZONE 1,22.15,3
1164,TNS,2022-05-05 22:43,ZONE 1,9.99,12
1165,TNS,2020-02-22 17:27,ZONE 1,9.57,12
1166,TNS,2022-07-23 2:34,ZONE 1,10.27,2
1167,TNS,2020-12-19 17:29,ZONE 1,12.3,6
1168,TNS,2021-10-09 1:59,ZONE 1,9.57,6
1169,TAXI,2022-03-13 6:31,ZONE 1,21.35,0
1170,TAXI,2021-12-19 15:45,ZONE 4,62.1,7
1171,TNS,2021-09-10 0:35,ZONE 1,25.32,9
1172,TAXI,2022-10-15 19:34,ZONE 1,8.8,3
1173,TNS,2022-04-02 15:21,ZONE 1,20.67,4
1174,TNS,2021-12-23 18:37,ZONE 1,10.8,12
1175,TNS,2021-03-29 0:28,ZONE 1,12.22,4
1176,TNS,2021-07-26 19:08,ZONE 1,13.94,10
1177,TNS,2021-11-10 17:52,ZONE 1,8.43,7
1178,TAXI,2021-01-11 17:00,NA,10.8,11
1179,TNS,2020-07-06 18:28,ZONE 1,8.18,8
1180,TNS,2021-08-17 22:21,ZONE 1,16.95,19
1181,TAXI,2020-06-04 21:40,ZONE 1,14.65,6
1182,TAXI,2022-09-17 2:58,ZONE 1,14.19,2
1183,TNS,2021-07-28 20:40,ZONE 1,10.24,15
1184,TNS,2021-12-26 8:04,ZONE 1,21.49,5
1185,TNS,2021-10-07 23:20,ZONE 1,8.9,7
1186,TAXI,2022-07-27 3:00,ZONE 3,11.55,9
1187,TAXI,2020-03-08 8:14,ZONE 2,36.99,19
1188,TNS,2020-10-01 20:51,ZONE 1,15.96,4
1189,TNS,2021-05-27 23:49,ZONE 1,7.15,8
1190,TNS,2020-10-20 20:44,ZONE 1,12.3,6
1191,TNS,2022-03-11 6:12,ZONE 1,19.06,15
1192,TAXI,2019-12-04 2:56,ZONE 1,10.15,0
1193,TNS,2022-01-25 23:04,ZONE 1,15.87,5
1194,TAXI,2021-05-29 8:35,ZONE 1,5.05,0
1195,TNS,2022-04-26 13:31,ZONE 1,15.94,11
1196,TAXI,2020-06-29 18:39,ZONE 1,9.95,3
1197,TNS,2022-02-12 6:32,ZONE 1,21.41,5
1198,TAXI,2019-12-01 17:00,ZONE 1,25.85,19
1199,TNS,2022-02-26 6:15,ZONE 1,36.54,9
1200,TNS,2022-03-15 10:04,ZONE 1,60.06,21
1201,TNS,2022-05-08 3:18,ZONE 1,11.37,7
1202,TNS,2021-10-05 19:13,ZONE 1,8.8,4
1203,TNS,2021-11-11 10:01,ZONE 1,9.1,15
1204,TNS,2020-12-05 13:14,ZONE 1,8.88,5
1205,TNS,2022-07-29 18:03,ZONE 1,39.81,11
1206,TAXI,2021-01-16 1:31,ZONE 2,12.5,6
1207,TNS,2021-04-29 1:05,ZONE 1,14.99,2
1208,TNS,2021-11-22 2:20,ZONE 1,8.18,4
1209,TNS,2022-03-13 8:13,ZONE 1,37.98,6
1210,TNS,2022-05-24 21:54,ZONE 1,35.82,4
1211,TNS,2021-03-25 17:30,ZONE 1,8.16,3
1212,TNS,2021-12-16 13:49,ZONE 1,18.77,10
1213,TAXI,2020-07-19 12:16,ZONE 4,18.1,3
1214,TAXI,2020-06-29 23:14,ZONE 1,19.45,9
1215,TNS,2021-11-07 5:18,ZONE 1,43.56,9
1216,TNS,2021-10-17 4:57,ZONE 1,16.87,4
1217,TNS,2022-08-27 19:04,ZONE 1,17.67,6
1218,TAXI,2019-09-17 17:11,ZONE 1,12.05,7
1219,TNS,2020-07-12 0:28,ZONE 1,8.83,2
1220,TNS,2022-05-29 19:06,ZONE 1,59.84,24
1221,TNS,2021-08-30 3:51,ZONE 1,28.76,17
1222,TAXI,2021-11-23 16:01,ZONE 1,10.1,0
1223,TAXI,2022-09-05 16:35,ZONE 1,6.35,1
1224,TNS,2020-08-01 0:48,ZONE 1,4.75,7
1225,TAXI,2020-07-20 18:13,ZONE 1,31.35,7
1226,TNS,2021-09-23 2:46,ZONE 1,18.25,3
1227,TAXI,2020-07-04 0:51,ZONE 1,23.42,0
1228,TAXI,2021-06-14 15:42,ZONE 1,5.25,2
1229,TNS,2021-10-22 15:54,ZONE 1,8.45,2
1230,TAXI,2020-04-04 16:29,ZONE 1,11.25,2
1231,TAXI,2020-09-05 2:53,ZONE 1,11.45,3
1232,TNS,2022-07-26 4:32,ZONE 1,18.82,10
1233,TNS,2021-12-03 4:55,ZONE 1,11.12,3
1234,TAXI,2021-11-24 0:30,ZONE 1,3.95,0
1235,TAXI,2022-06-20 14:50,ZONE 2,21.2,15
1236,TAXI,2021-06-29 1:15,ZONE 1,7.45,8
1237,TNS,2022-05-17 6:05,ZONE 1,31.27,12
1238,TNS,2022-08-09 20:06,ZONE 1,9.78,16
1239,TNS,2020-04-19 3:39,ZONE 1,20.4,6
1240,TNS,2021-08-04 21:49,ZONE 1,8.4,7
1241,TAXI,2019-12-01 6:25,ZONE 1,4.95,0
1242,TAXI,2021-02-07 9:40,ZONE 1,19.35,9
1243,TAXI,2022-04-24 5:08,ZONE 2,44.6,5
1244,TAXI,2020-08-29 9:46,ZONE 4,18.09,7
1245,TAXI,2020-12-21 12:23,ZONE 1,19.15,6
1246,TNS,2021-05-21 4:02,ZONE 1,10.44,6
1247,TNS,2021-03-25 13:17,ZONE 1,33.89,12
1248,TNS,2021-03-13 11:29,ZONE 1,18.66,15
1249,TNS,2021-03-04 16:28,ZONE 1,10.69,3
1250,TNS,2022-06-09 3:39,ZONE 1,15.92,6
1251,TAXI,2019-10-05 8:40,ZONE 1,16.25,3
1252,TNS,2021-11-04 9:47,ZONE 1,9.77,23
1253,TNS,2022-10-09 1:22,ZONE 1,11.55,9
1254,TAXI,2021-05-21 17:12,ZONE 2,16.4,8
1255,TAXI,2022-06-11 18:03,ZONE 1,21.9,1
1256,TNS,2022-04-11 2:47,ZONE 1,25.04,18
1257,TNS,2020-07-23 16:48,ZONE 1,31.06,12
1258,TNS,2021-11-18 18:37,ZONE 1,9.58,8
1259,TNS,2022-01-22 4:30,ZONE 1,11.73,5
1260,TAXI,2019-12-14 22:29,ZONE 1,41.15,0
1261,TNS,2021-12-21 3:05,ZONE 1,14.74,18
1262,TAXI,2019-12-07 9:28,ZONE 2,11.8,0
1263,TAXI,2021-09-25 23:20,ZONE 1,4.55,11
1264,TNS,2021-04-05 2:19,ZONE 1,7.61,8
1265,TNS,2022-10-01 0:27,ZONE 1,11.14,5
1266,TNS,2021-06-07 4:33,ZONE 1,8.38,12
1267,TNS,2021-04-11 3:49,ZONE 1,9.1,7
1268,TNS,2021-08-22 10:07,ZONE 1,51.21,7
1269,TAXI,2020-08-27 4:28,ZONE 1,32.75,6
1270,TAXI,2022-06-29 18:45,ZONE 1,9.6,4
1271,TAXI,2020-02-14 15:45,ZONE 1,26.15,6
1272,TAXI,2021-07-07 5:00,ZONE 1,6.25,4
1273,TNS,2021-01-10 12:59,ZONE 1,9.99,6
1274,TNS,2022-05-08 23:26,ZONE 1,16.33,15
1275,TAXI,2020-03-13 16:44,ZONE 1,17.15,2
1276,TAXI,2022-02-15 15:29,ZONE 2,19.6,3
1277,TAXI,2021-08-21 20:39,ZONE 1,3.29,8
1278,TAXI,2021-09-25 22:26,ZONE 1,29.35,2
1279,TAXI,2021-05-31 20:37,ZONE 1,3.55,0
1280,TAXI,2021-09-22 21:11,ZONE 4,11.8,9
1281,TAXI,2022-09-21 20:47,ZONE 1,5,0
1282,TNS,2022-08-26 6:29,ZONE 1,42.44,7
1283,TNS,2022-09-14 3:04,ZONE 1,8.98,3
1284,TAXI,2021-07-23 23:47,ZONE 1,12.75,0
1285,TAXI,2021-03-20 21:49,ZONE 1,11.05,0
1286,TNS,2021-08-21 18:19,ZONE 1,12.76,7
1287,TAXI,2022-10-12 3:37,ZONE 2,11.3,5
1288,TNS,2022-02-26 8:11,ZONE 1,19.12,2
1289,TAXI,2019-11-30 4:15,ZONE 1,5.2,4
1290,TNS,2021-05-26 3:20,ZONE 1,13.89,7
1291,TNS,2021-08-11 7:48,ZONE 1,5.21,11
1292,TNS,2022-02-26 1:06,ZONE 1,17.69,4
1293,TAXI,2020-07-19 15:20,ZONE 2,11.1,7
1294,TNS,2022-10-26 21:03,ZONE 1,14.65,3
1295,TNS,2021-12-06 19:07,ZONE 1,6.21,5
1296,TNS,2020-08-24 19:33,ZONE 1,8.32,13
1297,TAXI,2021-06-14 21:45,ZONE 2,13,10
1298,TAXI,2021-12-25 19:53,ZONE 1,21.15,0
1299,TNS,2022-04-09 15:06,ZONE 1,21.98,12
1300,TAXI,2020-09-07 21:51,ZONE 1,17.45,8
1301,TNS,2021-12-31 23:43,ZONE 1,11.7,31
1302,TAXI,2021-09-10 3:49,ZONE 1,9.86,2
1303,TNS,2022-04-30 5:52,ZONE 1,8.31,5
1304,TAXI,2019-09-22 13:55,ZONE 1,33.75,6
1305,TAXI,2020-10-20 12:57,ZONE 1,22.45,5
1306,TNS,2021-02-12 3:37,ZONE 1,20.79,8
1307,TNS,2022-10-15 20:51,ZONE 1,10.76,5
1308,TAXI,2021-08-14 3:35,ZONE 2,8.4,0
1309,TNS,2022-03-25 23:22,ZONE 1,10.54,13
1310,TNS,2021-02-14 1:59,ZONE 1,10.29,11
1311,TAXI,2021-02-11 15:35,ZONE 1,14.55,6
1312,TAXI,2019-12-10 5:16,ZONE 4,8,0
1313,TAXI,2022-08-26 0:58,ZONE 4,9.8,6
1314,TNS,2021-12-15 19:01,ZONE 1,13.58,9
1315,TNS,2021-03-02 2:25,ZONE 1,12.46,3
1316,TNS,2022-04-12 13:51,ZONE 1,15.6,9
1317,TNS,2021-03-24 14:48,ZONE 1,20.23,9
1318,TNS,2022-05-24 19:16,ZONE 1,13.15,9
1319,TNS,2020-01-25 3:01,ZONE 1,19.48,14
1320,TNS,2022-08-06 13:28,ZONE 1,23.54,7
1321,TNS,2022-06-24 15:20,ZONE 1,18.6,5
1322,TNS,2022-09-11 6:28,ZONE 1,8.97,3
1323,TNS,2021-11-14 21:52,ZONE 1,5.8,6
1324,TAXI,2020-02-18 20:56,ZONE 2,14.1,22
1325,TNS,2022-03-27 2:30,ZONE 1,8.43,4
1326,TNS,2022-06-19 3:20,ZONE 1,13.64,15
1327,TNS,2020-08-09 7:29,ZONE 1,19.83,5
1328,TNS,2022-03-06 10:43,ZONE 1,13.06,3
1329,TAXI,2022-06-05 7:00,ZONE 1,12.1,0
1330,TAXI,2021-07-02 4:54,ZONE 2,14.8,5
1331,TAXI,2021-03-04 11:51,ZONE 1,12.05,3
1332,TNS,2020-12-30 1:09,ZONE 1,4.05,4
1333,TAXI,2020-04-08 16:05,ZONE 4,6.3,7
1334,TAXI,2021-01-17 16:56,ZONE 1,7.75,4
1335,TAXI,2019-10-17 8:22,ZONE 1,8.75,6
1336,TNS,2020-08-21 21:13,ZONE 1,10.35,5
1337,TNS,2020-04-14 21:39,ZONE 1,18.77,11
1338,TNS,2021-05-28 13:24,ZONE 1,26.21,7
1339,TNS,2021-12-18 4:43,ZONE 1,20.85,9
1340,TNS,2021-10-10 5:51,ZONE 1,11.59,5
1341,TNS,2020-10-17 5:37,ZONE 1,9.52,5
1342,TNS,2021-01-18 5:08,ZONE 1,10.99,1
1343,TNS,2020-09-11 15:10,ZONE 1,9.37,11
1344,TNS,2021-05-24 1:53,ZONE 1,8.24,4
1345,TNS,2022-08-19 3:13,ZONE 1,16,6
1346,TAXI,2021-08-19 13:45,ZONE 1,15.05,4
1347,TAXI,2022-09-23 22:48,ZONE 1,10.2,4
1348,TAXI,2021-08-16 18:35,ZONE 1,34.55,0
1349,TAXI,2021-12-28 19:20,ZONE 1,10.35,8
1350,TNS,2022-09-09 22:23,ZONE 4,18.47,2
1351,TNS,2020-09-06 9:30,ZONE 1,10.25,8
1352,TNS,2022-02-17 3:37,ZONE 1,9.66,8
1353,TNS,2020-03-15 19:22,ZONE 1,8.63,9
1354,TNS,2022-05-10 1:00,ZONE 1,18.15,10
1355,TAXI,2022-08-25 13:00,ZONE 1,52.38,6
1356,TAXI,2019-10-21 2:19,ZONE 1,8.35,0
1357,TAXI,2021-03-09 17:34,ZONE 1,20.95,6
1358,TNS,2020-07-19 0:09,ZONE 1,7.14,2
1359,TNS,2020-06-19 21:01,ZONE 1,20.16,18
1360,TAXI,2021-11-20 14:53,ZONE 1,11.85,3
1361,TNS,2021-09-22 5:01,ZONE 1,15.83,1
1362,TAXI,2021-12-18 20:36,ZONE 4,12.6,6
1363,TAXI,2020-02-10 16:35,ZONE 1,11.95,2
1364,TAXI,2021-07-20 19:02,ZONE 1,4.85,8
1365,TNS,2021-06-25 0:04,ZONE 1,16.44,9
1366,TNS,2022-03-19 3:21,ZONE 1,13.18,11
1367,TNS,2022-03-06 9:21,ZONE 1,18.89,10
1368,TAXI,2022-08-07 21:59,ZONE 1,32.59,0
1369,TNS,2022-08-17 10:52,ZONE 1,83.5,10
1370,TNS,2021-12-29 23:47,ZONE 1,12.97,4
1371,TNS,2022-04-27 3:04,ZONE 1,15.6,6
1372,TNS,2021-06-05 0:26,ZONE 1,8.95,5
1373,TAXI,2022-09-08 23:56,ZONE 1,20.3,6
1374,TAXI,2020-11-05 23:49,ZONE 2,10.3,4
1375,TNS,2020-02-01 7:22,ZONE 1,12.81,11
1376,TAXI,2022-07-21 19:39,ZONE 1,7.1,11
1377,TAXI,2021-08-19 8:00,ZONE 1,8.05,0
1378,TAXI,2022-06-14 4:36,ZONE 1,41.2,0
1379,TAXI,2020-07-04 9:53,ZONE 1,3.85,5
1380,TNS,2021-07-31 6:35,ZONE 1,9.15,8
1381,TAXI,2021-06-16 16:21,ZONE 1,32.33,11
1382,TNS,2022-05-01 4:06,ZONE 1,37.59,7
1383,TNS,2022-03-13 22:16,ZONE 1,14.4,19
1384,TNS,2020-12-25 8:48,ZONE 1,8.48,10
1385,TAXI,2019-10-06 13:57,ZONE 1,3.35,0
1386,TNS,2022-08-26 19:50,ZONE 1,13.77,6
1387,TNS,2021-10-31 2:16,ZONE 1,16.88,7
1388,TNS,2020-08-09 4:29,ZONE 1,18.49,7
1389,TAXI,2019-11-09 9:13,NA,4.95,0
1390,TAXI,2020-01-03 0:45,ZONE 1,16.7,14
1391,TNS,2022-09-17 11:21,ZONE 1,14.33,5
1392,TNS,2021-11-15 19:47,ZONE 1,19.65,19
1393,TNS,2021-11-16 13:50,ZONE 1,8.77,6
1394,TAXI,2022-07-18 9:27,ZONE 4,14,4
1395,TNS,2022-07-09 8:48,ZONE 1,11.64,5
1396,TNS,2021-08-30 20:07,ZONE 1,17.99,15
1397,TNS,2022-08-30 17:33,ZONE 1,14.12,2
1398,TNS,2021-05-02 2:44,ZONE 1,8.61,8
1399,TNS,2020-11-13 15:04,ZONE 1,5.86,8
1400,TAXI,2020-09-05 5:52,ZONE 2,8.2,9
1401,TNS,2021-01-23 2:33,ZONE 1,14.44,6
1402,TAXI,2021-07-09 15:00,ZONE 1,10.55,0
1403,TNS,2022-08-29 14:52,ZONE 1,14.87,10
1404,TNS,2022-02-08 14:38,ZONE 1,55.06,37
1405,TAXI,2021-06-10 17:12,ZONE 1,12.45,5
1406,TAXI,2022-09-18 14:46,ZONE 1,5,0
1407,TNS,2021-08-08 6:41,ZONE 1,43.54,15
1408,TNS,2021-03-31 14:20,ZONE 1,4.43,3
1409,TAXI,2021-09-25 5:40,ZONE 2,9.5,9
1410,TNS,2021-01-23 15:42,ZONE 1,10.56,2
1411,TNS,2022-09-24 8:16,ZONE 1,15,4
1412,TAXI,2020-08-30 22:14,ZONE 2,10.5,10
1413,TNS,2022-06-21 1:51,ZONE 1,32.18,3
1414,TNS,2022-08-05 3:05,ZONE 1,29.89,9
1415,TNS,2021-11-06 12:56,ZONE 1,12.18,11
1416,TNS,2021-11-17 16:00,ZONE 1,14.63,8
1417,TAXI,2021-12-24 19:41,ZONE 1,17.75,6
1418,TAXI,2022-05-08 6:27,ZONE 2,17.7,11
1419,TAXI,2021-02-05 23:11,ZONE 2,12.5,6
1420,TNS,2022-10-15 4:31,ZONE 1,31.21,10
1421,TNS,2021-10-12 17:54,ZONE 1,11.66,6
1422,TNS,2020-12-14 19:30,ZONE 1,12.21,4
1423,TNS,2021-11-08 7:20,ZONE 1,17.3,14
1424,TNS,2022-10-17 2:14,ZONE 1,8.55,4
1425,TAXI,2021-04-21 23:05,ZONE 4,21.1,8
1426,TAXI,2022-02-19 4:34,ZONE 4,15.9,6
1427,TNS,2022-06-14 3:29,ZONE 1,13.32,5
1428,TAXI,2020-01-21 22:05,ZONE 4,14.3,10
1429,TAXI,2022-03-06 5:16,ZONE 1,8.35,2
1430,TAXI,2021-02-10 9:50,ZONE 2,5.4,6
1431,TNS,2022-04-21 5:55,ZONE 1,16.44,10
1432,TNS,2022-10-18 18:36,ZONE 1,13.62,2
1433,TNS,2021-04-24 18:32,ZONE 1,6.46,4
1434,TAXI,2021-09-22 19:03,ZONE 1,14,6
1435,TNS,2021-10-05 8:20,NA,9.7,5
1436,TAXI,2022-04-14 23:47,ZONE 4,12.3,13
1437,TAXI,2022-08-09 22:03,ZONE 1,33.9,0
1438,TNS,2022-07-03 13:18,ZONE 1,26.88,7
1439,TNS,2022-07-16 7:14,ZONE 1,18.74,1
1440,TNS,2022-04-09 22:15,ZONE 1,18.65,10
1441,TAXI,2022-07-16 15:42,ZONE 2,11.8,6
1442,TAXI,2020-10-30 13:08,ZONE 1,29.05,5
1443,TAXI,2020-12-04 22:11,ZONE 4,8.9,7
1444,TAXI,2022-02-06 14:27,ZONE 1,11.35,3
1445,TNS,2021-06-27 15:22,ZONE 1,7.98,9
1446,TNS,2022-04-23 18:16,ZONE 1,16.99,13
1447,TNS,2022-01-25 10:42,ZONE 1,24.36,4
1448,TAXI,2020-08-19 22:43,ZONE 1,16.47,16
1449,TNS,2021-10-09 19:11,ZONE 1,15.6,7
1450,TNS,2022-09-19 5:52,ZONE 1,19.99,4
1451,TNS,2022-01-12 15:43,ZONE 1,9.46,7
1452,TAXI,2019-12-06 8:26,ZONE 2,22.7,1
1453,TNS,2022-04-28 2:44,ZONE 1,14.07,5
1454,TNS,2022-07-20 1:48,ZONE 1,18.78,13
1455,TNS,2021-07-26 7:41,NA,18.88,3
1456,TNS,2021-07-04 5:32,ZONE 1,11.68,10
1457,TAXI,2020-01-07 23:28,ZONE 4,11.12,5
1458,TAXI,2019-10-18 1:34,ZONE 1,8.85,7
1459,TNS,2022-10-29 2:12,ZONE 1,27.72,12
1460,TNS,2022-03-03 3:10,ZONE 1,13.59,5
1461,TNS,2022-07-04 14:15,ZONE 1,16.42,6
1462,TAXI,2021-10-29 23:51,ZONE 1,14.75,9
1463,TNS,2022-06-08 6:22,ZONE 1,84,1
1464,TAXI,2021-10-24 2:47,ZONE 1,21.88,0
1465,TNS,2022-07-07 18:06,ZONE 1,13.66,8
1466,TNS,2021-09-19 15:32,ZONE 1,12.58,12
1467,TAXI,2021-08-18 15:53,ZONE 1,6.82,2
1468,TAXI,2021-11-18 16:20,ZONE 2,16.4,8
1469,TAXI,2021-08-07 7:31,ZONE 1,8.85,2
1470,TAXI,2019-09-27 9:27,ZONE 1,25,0
1471,TNS,2022-05-23 1:50,ZONE 1,14.68,6
1472,TAXI,2021-09-20 7:22,ZONE 1,7.7,0
1473,TNS,2022-07-13 15:12,ZONE 1,8.96,6
1474,TNS,2022-04-22 23:51,ZONE 1,8.56,15
1475,TNS,2020-07-16 21:56,ZONE 1,12.35,3
1476,TAXI,2022-04-20 16:59,ZONE 2,67.8,7
1477,TAXI,2022-07-15 9:59,ZONE 1,20.5,0
1478,TAXI,2021-03-20 8:40,ZONE 1,8.25,7
1479,TAXI,2020-09-19 0:44,ZONE 1,12.05,7
1480,TNS,2021-10-04 0:35,ZONE 1,19.99,10
1481,TNS,2022-01-01 0:08,ZONE 1,23.69,7
1482,TNS,2021-05-28 0:02,ZONE 1,34.07,7
1483,TNS,2022-07-08 20:52,ZONE 1,28.4,13
1484,TAXI,2021-03-30 14:10,ZONE 1,11.85,5
1485,TNS,2021-08-03 14:51,ZONE 1,12.12,9
1486,TAXI,2021-09-01 14:24,ZONE 4,8.8,13
1487,TAXI,2021-06-18 20:39,ZONE 2,17,0
1488,TAXI,2022-08-03 16:37,ZONE 1,11.1,4
1489,TNS,2022-03-09 22:26,ZONE 1,16.66,6
1490,TNS,2022-04-09 4:10,ZONE 1,8.54,3
1491,TNS,2022-10-06 23:27,ZONE 1,21.18,10
1492,TNS,2021-03-29 4:44,ZONE 1,8.06,12
1493,TNS,2022-10-07 5:53,ZONE 1,27.84,7
1494,TNS,2020-08-28 10:05,ZONE 1,6.48,24
1495,TNS,2021-03-07 8:43,ZONE 1,39.4,16
1496,TNS,2021-09-15 1:55,ZONE 1,11.59,7
1497,TAXI,2022-02-03 17:35,ZONE 4,28.9,18
1498,TNS,2022-05-06 20:56,ZONE 1,39.73,21
1499,TAXI,2021-12-04 19:26,ZONE 2,5.2,10
1500,TAXI,2020-12-16 15:53,ZONE 1,18.21,22
1501,TNS,2021-10-18 5:59,ZONE 1,12.41,11
1502,TAXI,2021-05-26 23:55,ZONE 1,12.15,0
1503,TAXI,2022-06-26 18:00,ZONE 1,11.3,5
1504,TAXI,2019-09-29 5:49,ZONE 2,41.7,8
1505,TNS,2020-10-17 7:36,ZONE 1,19.23,3
1506,TNS,2020-08-26 20:57,ZONE 1,23.75,18
1507,TAXI,2022-08-22 10:45,ZONE 1,15.7,0
1508,TNS,2022-05-18 5:05,ZONE 1,8.37,4
1509,TAXI,2020-03-16 5:01,ZONE 4,32.5,4
1510,TNS,2021-06-04 9:23,ZONE 1,13.37,5
1511,TNS,2020-03-11 22:17,ZONE 1,4.53,8
1512,TNS,2020-03-03 21:02,ZONE 1,9.49,2
1513,TNS,2022-08-21 1:57,ZONE 1,11.59,5
1514,TNS,2022-06-27 3:01,ZONE 1,10.3,6
1515,TNS,2022-08-05 20:39,ZONE 1,13.09,5
1516,TNS,2022-10-26 19:54,ZONE 1,11.15,8
1517,TNS,2021-04-24 2:11,ZONE 1,17.99,7
1518,TAXI,2021-09-20 18:50,ZONE 1,5.35,4
1519,TNS,2021-05-29 6:30,ZONE 1,8.86,4
1520,TNS,2021-07-23 22:58,ZONE 1,10.24,12
1521,TAXI,2021-03-03 5:09,ZONE 1,8.45,8
1522,TNS,2022-02-13 6:21,ZONE 1,13.47,4
1523,TAXI,2020-01-26 17:39,ZONE 1,6,0
1524,TNS,2022-08-21 14:04,ZONE 1,23.14,6
1525,TNS,2021-04-25 22:42,ZONE 1,26.39,10
1526,TAXI,2019-09-27 4:30,ZONE 1,8.45,5
1527,TNS,2020-12-25 19:17,ZONE 1,35.12,9
1528,TNS,2022-10-30 23:36,ZONE 1,8.98,5
1529,TNS,2021-10-07 22:36,ZONE 1,29.24,14
1530,TNS,2022-06-08 6:20,ZONE 1,25.71,10
1531,TAXI,2022-04-04 5:50,ZONE 1,6.45,0
1532,TNS,2021-05-25 2:47,ZONE 1,5.29,14
1533,TAXI,2021-05-14 20:11,ZONE 1,8.65,0
1534,TAXI,2020-09-09 22:20,ZONE 1,47.55,5
1535,TNS,2021-11-29 5:59,ZONE 1,10.82,5
1536,TNS,2020-09-13 22:12,ZONE 1,27.23,16
1537,TNS,2020-11-28 7:35,ZONE 1,9.86,2
1538,TNS,2021-11-06 5:01,ZONE 1,12.26,13
1539,TNS,2022-05-05 14:01,ZONE 1,31.99,6
1540,TAXI,2020-11-23 13:20,ZONE 1,25.55,18
1541,TNS,2020-08-30 0:10,ZONE 1,10.15,2
1542,TNS,2021-11-12 16:47,ZONE 1,24.59,8
1543,TNS,2021-12-04 22:51,ZONE 1,14.37,5
1544,TNS,2022-09-30 3:45,ZONE 1,9.75,5
1545,TAXI,2020-02-11 23:11,ZONE 1,13,10
1546,TNS,2021-11-26 17:50,ZONE 1,37.85,5
1547,TNS,2020-07-23 21:04,ZONE 1,9.9,11
1548,TNS,2021-10-21 4:46,ZONE 1,7.01,5
1549,TAXI,2021-05-27 23:32,ZONE 1,8.15,5
1550,TNS,2020-09-05 3:55,ZONE 1,9.29,5
1551,TNS,2021-03-21 7:44,ZONE 1,6.99,6
1552,TNS,2021-04-18 13:38,ZONE 1,10.7,8
1553,TNS,2021-01-07 0:40,ZONE 1,10.04,12
1554,TAXI,2020-11-06 22:49,ZONE 1,86.95,7
1555,TNS,2022-07-22 4:57,ZONE 1,20.69,14
1556,TAXI,2021-09-10 6:31,ZONE 1,9.05,0
1557,TAXI,2021-01-03 2:44,ZONE 4,9.6,11
1558,TAXI,2022-05-12 21:29,ZONE 1,9.36,2
1559,TAXI,2022-04-25 21:12,ZONE 1,7.4,3
1560,TNS,2022-01-04 2:25,ZONE 1,7.04,8
1561,TNS,2020-09-27 23:57,ZONE 1,10.09,5
1562,TNS,2022-04-09 0:28,ZONE 1,12.19,5
1563,TNS,2020-11-13 2:57,ZONE 1,17.71,8
1564,TNS,2022-10-20 16:43,ZONE 1,10.08,6
1565,TNS,2022-08-11 1:10,ZONE 1,14.01,5
1566,TNS,2021-12-01 13:36,ZONE 1,22.34,12
1567,TNS,2020-03-25 14:22,ZONE 1,9.23,15
1568,TNS,2022-08-13 5:44,ZONE 1,11.28,8
1569,TNS,2020-04-07 15:41,ZONE 1,11.88,12
1570,TNS,2021-06-13 7:58,ZONE 1,7.1,9
1571,TAXI,2019-10-09 21:11,ZONE 1,11.95,9
1572,TNS,2022-04-11 15:30,ZONE 1,8.52,9
1573,TAXI,2021-11-25 0:14,ZONE 2,8.6,4
1574,TNS,2021-03-02 0:53,ZONE 1,8.4,12
1575,TNS,2022-09-05 18:20,ZONE 1,18.12,3
1576,TNS,2022-10-05 21:34,ZONE 1,28.12,15
1577,TNS,2021-04-12 18:52,ZONE 1,11.28,5
1578,TNS,2022-04-09 2:08,ZONE 1,18.88,17
1579,TAXI,2022-08-24 0:56,ZONE 2,14.8,4
1580,TNS,2020-02-23 6:03,ZONE 1,15.61,10
1581,TNS,2022-03-30 3:24,ZONE 1,8.79,4
1582,TNS,2022-03-15 2:01,ZONE 1,14.3,3
1583,TNS,2022-10-03 22:35,ZONE 1,12.68,2
1584,TNS,2021-05-25 21:10,ZONE 1,18.24,12
1585,TNS,2020-10-23 16:27,ZONE 1,13.79,1
1586,TAXI,2022-04-11 22:08,ZONE 1,11.95,12
1587,TAXI,2022-07-10 20:52,ZONE 2,26,0
1588,TNS,2021-06-10 2:31,NA,15.99,3
1589,TAXI,2022-05-28 4:15,ZONE 1,8.6,0
1590,TAXI,2020-03-12 21:31,ZONE 1,11.05,6
1591,TNS,2022-09-21 19:15,ZONE 1,30.92,3
1592,TNS,2022-06-11 5:44,ZONE 1,11.45,7
1593,TAXI,2020-05-31 13:11,ZONE 1,17.75,5
1594,TAXI,2019-11-27 21:40,ZONE 1,8.45,0
1595,TAXI,2019-11-03 1:22,ZONE 1,5.85,5
1596,TNS,2021-08-06 17:14,ZONE 1,11.17,8
1597,TNS,2021-01-12 21:11,ZONE 1,29.99,12
1598,TNS,2021-03-10 3:38,ZONE 1,13.58,7
1599,TNS,2022-08-06 13:13,ZONE 1,23.75,9
1600,TNS,2022-05-27 5:28,ZONE 1,7.25,6
1601,TNS,2021-09-02 2:11,ZONE 1,23.68,5
1602,TNS,2022-04-23 9:10,ZONE 1,13.24,5
1603,TNS,2021-12-14 18:24,ZONE 1,11.32,3
1604,TAXI,2022-08-14 8:09,ZONE 1,18.25,1
1605,TNS,2021-08-17 2:07,ZONE 1,29.76,5
1606,TAXI,2020-06-25 20:21,ZONE 1,19.85,6
1607,TAXI,2022-03-16 1:32,ZONE 2,5.7,4
1608,TNS,2021-10-20 4:04,ZONE 1,6.99,7
1609,TNS,2021-01-25 1:35,ZONE 1,33.31,6
1610,TNS,2022-09-19 15:37,ZONE 1,11.39,5
1611,TNS,2021-01-08 16:14,ZONE 1,15.75,20
1612,TAXI,2022-01-26 4:33,ZONE 4,14.3,4
1613,TNS,2022-10-29 19:30,ZONE 1,12.96,5
1614,TAXI,2020-10-25 9:43,ZONE 1,13.85,5
1615,TAXI,2022-07-19 13:35,ZONE 1,36.3,3
1616,TAXI,2022-10-17 19:38,ZONE 1,10.6,3
1617,TNS,2022-06-25 15:04,ZONE 1,17.99,3
1618,TNS,2022-03-01 15:08,ZONE 1,32.25,9
1619,TNS,2022-02-01 21:26,ZONE 1,18.78,8
1620,TNS,2021-11-12 22:08,ZONE 1,10.42,11
1621,TNS,2021-08-04 17:46,ZONE 1,14.94,8
1622,TNS,2021-05-16 8:05,ZONE 1,11.24,10
1623,TAXI,2022-09-03 1:15,ZONE 1,13.9,0
1624,TAXI,2022-08-21 22:20,ZONE 1,41.81,0
1625,TAXI,2022-10-16 6:40,ZONE 1,70,0
1626,TNS,2021-02-04 3:10,ZONE 1,7.48,2
1627,TNS,2022-01-03 23:16,ZONE 1,8.2,18
1628,TNS,2020-09-09 16:35,ZONE 1,18.84,7
1629,TNS,2022-05-14 0:54,ZONE 1,10.38,9
1630,TAXI,2020-10-29 17:03,ZONE 1,11.46,0
1631,TNS,2021-11-21 9:10,ZONE 1,21.65,10
1632,TNS,2022-03-13 22:38,ZONE 1,15.66,5
1633,TAXI,2022-10-15 20:50,ZONE 1,73,21
1634,TNS,2021-12-13 9:20,ZONE 1,9.81,5
1635,TNS,2022-06-23 19:41,ZONE 1,19.65,3
1636,TNS,2022-06-04 1:43,ZONE 1,12.82,6
1637,TNS,2021-12-20 2:57,ZONE 1,11.57,10
1638,TAXI,2022-08-14 16:30,ZONE 2,35.3,6
1639,TNS,2020-10-09 23:45,ZONE 1,24.13,4
1640,TNS,2022-06-11 12:12,ZONE 1,63.46,9
1641,TAXI,2021-11-25 4:54,ZONE 4,10.9,9
1642,TNS,2021-07-21 1:16,ZONE 1,5.73,13
1643,TAXI,2020-03-26 1:39,ZONE 1,11.45,3
1644,TAXI,2021-07-07 14:56,ZONE 1,22.75,0
1645,TAXI,2020-01-03 6:12,ZONE 4,14.1,9
1646,TNS,2022-05-25 21:49,ZONE 1,9.8,12
1647,TAXI,2022-07-16 2:04,ZONE 1,8.1,10
1648,TNS,2021-04-17 21:56,ZONE 1,14.85,15
1649,TAXI,2022-05-09 20:48,ZONE 4,3.7,1
1650,TNS,2022-05-14 5:45,ZONE 1,13.15,2
1651,TAXI,2020-02-09 13:29,ZONE 1,20.55,0
1652,TNS,2022-03-15 14:20,ZONE 1,15.99,5
1653,TAXI,2020-02-13 20:55,ZONE 1,7.05,3
1654,TAXI,2021-12-02 0:29,ZONE 2,24.5,0
1655,TNS,2021-08-19 1:38,ZONE 1,5.24,8
1656,TAXI,2021-02-16 7:01,ZONE 2,23,5
1657,TNS,2020-10-04 9:40,ZONE 1,9.31,5
1658,TNS,2021-07-03 1:49,ZONE 1,7.89,5
1659,TAXI,2022-05-13 13:10,ZONE 1,14.9,5
1660,TAXI,2019-09-26 15:25,ZONE 1,38.05,0
1661,TAXI,2021-07-26 21:57,ZONE 1,9.38,3
1662,TNS,2022-04-13 2:25,ZONE 1,8.77,6
1663,TAXI,2022-10-18 20:44,ZONE 1,9.8,3
1664,TNS,2020-05-13 20:43,ZONE 1,11.51,4
1665,TAXI,2022-02-16 4:07,ZONE 2,9.2,8
1666,TNS,2020-07-03 3:35,ZONE 1,11.88,8
1667,TAXI,2022-10-09 2:44,ZONE 2,33.1,8
1668,TAXI,2021-07-18 7:28,ZONE 2,17.5,1
1669,TNS,2021-05-01 20:47,ZONE 1,10.06,5
1670,TNS,2021-01-07 18:39,ZONE 1,11.78,4
1671,TAXI,2020-02-07 16:11,ZONE 4,12.2,15
1672,TNS,2021-08-31 20:40,ZONE 1,5.92,4
1673,TAXI,2022-06-12 20:21,ZONE 1,25.2,4
1674,TNS,2022-07-25 18:01,ZONE 1,30.7,7
1675,TNS,2021-07-09 9:00,ZONE 1,4.49,5
1676,TNS,2022-06-07 6:14,ZONE 1,10.33,4
1677,TAXI,2022-10-14 2:09,ZONE 1,7.9,0
1678,TAXI,2020-09-16 15:55,ZONE 4,4.7,4
1679,TNS,2021-04-01 0:20,ZONE 1,33.48,6
1680,TAXI,2021-12-04 2:07,ZONE 2,6.9,3
1681,TAXI,2019-11-20 9:36,ZONE 1,25.5,12
1682,TAXI,2022-08-01 17:51,NA,30.55,2
1683,TAXI,2022-06-28 22:55,ZONE 2,11.6,6
1684,TNS,2022-10-01 20:25,ZONE 1,20.93,10
1685,TNS,2021-12-28 5:43,ZONE 1,21.61,11
1686,TAXI,2021-07-14 21:17,ZONE 1,6.15,4
1687,TNS,2022-08-17 17:54,ZONE 1,32.77,6
1688,TAXI,2022-09-11 2:17,ZONE 1,14.7,0
1689,TNS,2021-07-31 14:30,ZONE 1,78.3,6
1690,TNS,2020-09-14 18:22,ZONE 1,21.99,11
1691,TNS,2021-09-16 19:53,ZONE 1,11.28,10
1692,TNS,2022-05-06 6:18,ZONE 1,25.08,10
1693,TNS,2022-03-14 15:40,ZONE 1,11.47,11
1694,TNS,2022-06-30 16:12,ZONE 1,17.56,7
1695,TAXI,2020-05-05 6:27,ZONE 4,10.4,3
1696,TNS,2022-05-12 14:24,ZONE 1,22.65,2
1697,TNS,2021-11-06 23:37,ZONE 1,11.4,7
1698,TNS,2022-04-12 18:12,ZONE 1,26.32,6
1699,TNS,2022-08-28 17:19,ZONE 1,17.36,9
1700,TNS,2021-08-29 18:47,ZONE 1,18.32,10
1701,TNS,2021-11-11 1:09,ZONE 1,21.96,9
1702,TNS,2022-01-10 3:51,ZONE 1,10.13,4
1703,TNS,2022-01-08 6:46,ZONE 1,8.39,7
1704,TNS,2021-05-16 17:42,ZONE 1,13.32,11
1705,TNS,2021-11-02 0:39,ZONE 1,23.52,13
1706,TNS,2020-09-12 21:14,ZONE 1,13.93,6
1707,TAXI,2021-02-17 5:12,ZONE 1,8.65,0
1708,TNS,2021-08-05 21:04,ZONE 1,20.21,10
1709,TAXI,2020-09-12 20:23,ZONE 2,7,4
1710,TAXI,2022-07-07 20:40,ZONE 4,37.2,26
1711,TAXI,2021-10-31 10:25,ZONE 4,16.89,7
1712,TNS,2021-11-07 2:05,ZONE 1,9.6,4
1713,TAXI,2022-08-05 8:15,ZONE 2,28,0
1714,TAXI,2020-02-20 19:32,ZONE 1,8.55,0
1715,TNS,2021-11-04 6:36,ZONE 1,9.18,16
1716,TNS,2022-10-01 4:21,ZONE 1,37.21,10
1717,TNS,2021-01-07 3:11,ZONE 1,15.42,5
1718,TAXI,2019-12-17 7:34,ZONE 1,5.75,0
1719,TNS,2022-09-29 20:31,ZONE 1,38.67,10
1720,TNS,2020-03-12 3:19,ZONE 1,26.28,5
1721,TNS,2021-10-23 21:48,ZONE 1,10.95,13
1722,TNS,2022-10-02 4:20,ZONE 1,12.11,5
1723,TNS,2022-09-08 0:10,ZONE 1,23.01,13
1724,TNS,2022-05-02 8:33,ZONE 1,24.03,4
1725,TNS,2021-08-19 19:17,ZONE 1,10.9,5
1726,TNS,2020-08-22 0:59,ZONE 1,8.26,3
1727,TNS,2020-11-04 23:14,ZONE 1,11.03,9
1728,TAXI,2022-08-30 3:36,ZONE 1,9.3,0
1729,TNS,2021-01-20 18:58,ZONE 1,14.28,8
1730,TAXI,2020-09-06 19:45,ZONE 1,18.95,3
1731,TNS,2022-10-01 18:29,ZONE 1,11.82,6
1732,TAXI,2021-04-10 5:14,ZONE 1,20.91,0
1733,TNS,2022-03-04 16:42,ZONE 1,10.45,11
1734,TAXI,2021-05-02 3:47,ZONE 1,9.15,4
1735,TAXI,2022-05-02 21:17,ZONE 2,10.8,10
1736,TNS,2021-05-26 21:49,ZONE 1,8.2,2
1737,TNS,2022-07-23 21:26,ZONE 1,25.76,17
1738,TNS,2020-07-17 3:32,ZONE 1,4.92,7
1739,TNS,2022-02-27 8:40,ZONE 1,17.15,2
1740,TAXI,2020-02-09 8:35,ZONE 1,11.65,4
1741,TAXI,2020-03-07 8:59,ZONE 1,13.25,0
1742,TNS,2020-08-22 10:12,ZONE 1,21.17,5
1743,TAXI,2022-10-03 11:25,ZONE 1,63.71,2
1744,TAXI,2020-05-05 7:29,ZONE 1,15.45,3
1745,TNS,2022-08-23 1:06,ZONE 1,22.58,19
1746,TAXI,2020-09-27 21:07,ZONE 1,26.7,0
1747,TNS,2021-01-29 2:37,ZONE 1,7.92,6
1748,TNS,2021-03-24 16:01,ZONE 1,25.7,10
1749,TAXI,2021-09-01 16:10,ZONE 2,9.2,2
1750,TAXI,2021-06-04 11:48,ZONE 1,10.95,1
1751,TAXI,2022-07-30 9:09,ZONE 1,22.1,0
1752,TNS,2021-07-25 22:29,ZONE 1,10.72,11
1753,TNS,2020-02-16 4:37,ZONE 1,9.66,4
1754,TNS,2022-08-23 4:12,ZONE 1,26.19,15
1755,TNS,2022-09-10 23:47,ZONE 1,18.34,9
1756,TAXI,2021-12-12 8:51,ZONE 2,3.3,0
1757,TNS,2021-09-05 6:29,ZONE 1,4.37,5
1758,TAXI,2022-03-23 21:23,ZONE 2,14.6,10
1759,TNS,2022-07-31 15:27,ZONE 1,62.24,21
1760,TAXI,2021-12-14 9:00,ZONE 1,24.85,0
1761,TAXI,2020-08-15 16:28,ZONE 1,6.55,0
1762,TAXI,2021-10-22 12:38,ZONE 1,7.05,5
1763,TNS,2021-09-13 18:05,ZONE 1,3.87,5
1764,TNS,2020-11-26 20:53,ZONE 1,17.14,6
1765,TNS,2022-01-08 4:35,ZONE 1,7.8,7
1766,TNS,2020-08-26 18:45,ZONE 1,17.98,6
1767,TAXI,2022-10-14 20:32,ZONE 2,41.7,6
1768,TNS,2022-03-11 17:37,ZONE 1,7.98,4
1769,TNS,2021-05-01 4:35,ZONE 1,12.2,16
1770,TNS,2020-07-25 0:49,ZONE 1,32.32,9
1771,TNS,2022-06-30 4:13,ZONE 1,13,3
1772,TNS,2022-01-23 1:14,ZONE 1,40.84,12
1773,TAXI,2020-10-29 7:37,ZONE 4,11,2
1774,TNS,2021-10-27 5:14,ZONE 1,31.01,17
1775,TNS,2020-09-16 0:09,ZONE 1,8.54,9
1776,TNS,2020-06-14 0:49,ZONE 1,19.9,4
1777,TAXI,2022-07-30 17:59,ZONE 1,4.8,1
1778,TNS,2021-01-01 1:11,ZONE 1,9,10
1779,TNS,2022-09-09 20:42,ZONE 1,24.21,5
1780,TNS,2021-04-17 9:14,ZONE 1,16.48,7
1781,TNS,2021-12-02 16:36,ZONE 1,16.39,22
1782,TNS,2022-02-08 18:39,ZONE 1,8.04,6
1783,TNS,2020-03-19 16:01,ZONE 1,18.81,7
1784,TNS,2022-07-02 12:19,ZONE 1,13.47,9
1785,TNS,2021-05-09 22:58,NA,16.15,3
1786,TAXI,2019-11-15 22:55,ZONE 1,4.05,6
1787,TNS,2022-05-20 21:19,ZONE 1,19.18,8
1788,TAXI,2022-09-25 21:10,NA,32.1,0
1789,TAXI,2019-11-11 4:37,ZONE 1,16.75,0
1790,TNS,2021-11-06 3:10,ZONE 1,10.03,6
1791,TNS,2021-08-17 3:28,ZONE 1,8.99,11
1792,TNS,2021-10-26 2:05,ZONE 1,17.94,11
1793,TNS,2021-08-23 8:57,ZONE 1,4.4,6
1794,TNS,2022-09-19 18:56,ZONE 1,10.03,6
1795,TAXI,2019-10-09 22:02,ZONE 1,10.25,0
1796,TNS,2021-08-14 1:17,ZONE 1,18.14,4
1797,TNS,2022-10-01 8:05,ZONE 1,18.57,4
1798,TAXI,2021-10-11 3:30,ZONE 4,11.9,3
1799,TNS,2021-10-16 1:32,ZONE 1,17.38,5
1800,TNS,2022-09-10 17:16,ZONE 1,20.31,11
1801,TNS,2022-06-24 7:24,ZONE 1,18.69,2
1802,TNS,2020-08-01 17:09,ZONE 1,10.18,11
1803,TNS,2022-07-02 1:41,ZONE 1,7.88,5
1804,TNS,2020-09-04 18:46,ZONE 1,10.96,4
1805,TNS,2022-09-19 1:00,ZONE 1,27.77,4
1806,TAXI,2020-10-16 16:54,ZONE 1,21,16
1807,TNS,2022-05-04 6:21,ZONE 1,18.14,2
1808,TNS,2021-01-21 22:20,ZONE 1,13.99,17
1809,TNS,2021-11-13 2:13,ZONE 1,12.78,6
1810,TNS,2021-11-22 7:07,ZONE 1,29.27,4
1811,TAXI,2022-02-13 17:22,ZONE 2,16.2,11
1812,TAXI,2022-08-22 12:50,ZONE 4,10.7,6
1813,TNS,2020-06-03 19:42,ZONE 1,10.79,4
1814,TAXI,2022-02-01 20:47,ZONE 1,11.55,0
1815,TAXI,2019-10-16 20:13,ZONE 1,7.15,8
1816,TNS,2022-03-22 17:31,ZONE 1,14.02,13
1817,TNS,2021-07-27 23:56,ZONE 1,34.73,10
1818,TAXI,2022-01-25 19:17,ZONE 3,7.8,5
1819,TNS,2021-05-03 19:18,ZONE 1,10.99,5
1820,TNS,2022-08-13 14:45,ZONE 1,19.45,4
1821,TAXI,2022-08-06 16:44,ZONE 4,18.3,11
1822,TNS,2022-04-23 16:12,ZONE 1,9.86,7
1823,TAXI,2020-10-20 14:13,ZONE 1,13.75,0
1824,TNS,2022-04-05 1:58,ZONE 1,8.65,4
1825,TNS,2020-09-02 6:01,ZONE 1,13.76,3
1826,TNS,2022-10-08 17:22,ZONE 1,15.24,8
1827,TAXI,2022-08-01 7:58,ZONE 4,11.3,0
1828,TAXI,2022-02-27 16:01,ZONE 1,11.46,3
1829,TNS,2020-08-17 5:24,ZONE 1,17.59,11
1830,TNS,2021-08-08 6:19,ZONE 1,14.16,5
1831,TNS,2021-08-14 2:07,ZONE 1,14.14,7
1832,TNS,2022-08-25 22:47,ZONE 1,18.05,4
1833,TAXI,2022-05-15 10:08,ZONE 1,56.6,0
1834,TNS,2022-10-30 10:55,ZONE 1,24.19,3
1835,TAXI,2022-10-05 8:47,ZONE 1,77,0
1836,TNS,2021-08-10 23:38,ZONE 1,7.46,10
1837,TNS,2022-03-25 2:00,ZONE 1,14.81,5
1838,TNS,2022-01-28 13:28,ZONE 1,10.98,9
1839,TNS,2021-11-18 18:37,ZONE 1,22.08,3
1840,TAXI,2020-11-12 23:41,ZONE 2,6,6
1841,TAXI,2020-08-12 12:45,ZONE 2,14.5,4
1842,TNS,2021-09-21 6:57,ZONE 1,23.6,4
1843,TAXI,2021-12-06 22:15,ZONE 1,11,4
1844,TAXI,2022-10-20 17:18,ZONE 1,20,4
1845,TNS,2020-07-24 16:07,ZONE 1,21.68,13
1846,TAXI,2021-11-18 19:24,ZONE 1,14.25,3
1847,TAXI,2021-07-23 6:10,ZONE 1,16.55,5
1848,TAXI,2019-12-30 3:02,ZONE 1,6.15,0
1849,TNS,2022-03-05 3:07,ZONE 1,16.99,4
1850,TNS,2021-08-29 9:00,ZONE 1,30.47,9
1851,TNS,2022-01-30 7:22,ZONE 1,15.74,1
1852,TNS,2021-10-05 16:54,ZONE 1,12.06,11
1853,TAXI,2020-08-23 22:48,ZONE 4,33.2,9
1854,TNS,2022-03-03 22:26,ZONE 1,11.78,3
1855,TNS,2022-10-29 14:33,ZONE 1,19.6,4
1856,TAXI,2022-03-04 13:46,ZONE 1,7.45,5
1857,TNS,2020-10-23 0:44,ZONE 1,6.72,4
1858,TNS,2022-10-10 23:30,ZONE 1,40.55,7
1859,TNS,2021-07-03 1:00,ZONE 1,27.1,7
1860,TAXI,2021-03-27 20:20,ZONE 2,12,7
1861,TNS,2020-09-27 0:10,ZONE 1,18.84,6
1862,TAXI,2022-06-14 17:25,ZONE 1,8.3,10
1863,TAXI,2021-07-14 3:42,ZONE 2,6,0
1864,TAXI,2020-11-22 23:20,ZONE 4,13.58,11
1865,TAXI,2020-12-27 4:21,ZONE 2,3.4,0
1866,TNS,2021-12-24 5:45,ZONE 1,9.28,4
1867,TNS,2021-05-13 0:05,ZONE 1,22.17,13
1868,TAXI,2022-10-22 2:12,ZONE 2,14.6,4
1869,TNS,2022-06-16 19:41,ZONE 1,24.05,5
1870,TAXI,2022-08-14 9:07,ZONE 1,13.4,0
1871,TAXI,2022-04-06 6:56,ZONE 2,15.2,13
1872,TNS,2020-02-16 9:12,ZONE 1,15.26,11
1873,TAXI,2021-06-22 2:50,ZONE 1,8.85,4
1874,TNS,2020-10-24 23:18,ZONE 1,5.06,3
1875,TAXI,2019-11-29 1:22,ZONE 1,50.05,0
1876,TNS,2020-11-14 6:35,ZONE 1,5.67,1
1877,TAXI,2019-11-01 8:00,ZONE 2,12.7,0
1878,TAXI,2022-07-07 18:48,ZONE 1,4.8,3
1879,TNS,2022-06-05 6:20,ZONE 1,14.94,2
1880,TNS,2020-09-06 0:23,ZONE 1,9.47,8
1881,TNS,2020-07-25 15:34,ZONE 1,13.5,14
1882,TNS,2022-08-19 0:55,ZONE 1,28.93,7
1883,TAXI,2022-01-09 9:01,ZONE 4,42.1,0
1884,TNS,2022-06-18 0:56,ZONE 1,16.23,16
1885,TNS,2020-09-16 0:10,ZONE 1,17.02,3
1886,TNS,2020-10-25 3:17,ZONE 1,8.59,1
1887,TNS,2021-06-13 5:46,ZONE 1,13.93,9
1888,TNS,2022-09-25 8:17,ZONE 1,8.3,0
1889,TAXI,2022-06-12 0:43,ZONE 2,63.4,0
1890,TNS,2021-07-05 14:21,ZONE 1,11.69,6
1891,TNS,2022-09-07 21:00,ZONE 1,24.41,9
1892,TNS,2021-08-03 16:04,ZONE 1,38.56,11
1893,TNS,2022-07-08 0:50,ZONE 1,13.49,13
1894,TNS,2022-03-08 14:30,ZONE 1,28.14,6
1895,TNS,2021-01-01 5:54,ZONE 1,10.15,15
1896,TNS,2022-02-11 14:58,ZONE 1,47.91,7
1897,TNS,2022-02-19 1:12,ZONE 1,18.97,8
1898,TAXI,2021-04-02 1:40,ZONE 4,12.5,5
1899,TNS,2021-06-16 23:56,ZONE 1,25.84,5
1900,TNS,2021-04-15 22:13,ZONE 1,16.15,11
1901,TNS,2021-05-23 22:45,ZONE 1,7.06,5
1902,TNS,2022-03-10 14:56,ZONE 1,13.24,12
1903,TNS,2022-10-27 22:44,ZONE 1,10,17
1904,TAXI,2019-09-21 19:35,ZONE 4,10.1,6
1905,TNS,2021-10-29 5:31,ZONE 1,18.06,7
1906,TNS,2022-05-13 6:38,ZONE 1,46.94,7
1907,TAXI,2020-01-24 1:43,ZONE 1,11,14
1908,TAXI,2019-09-03 15:35,ZONE 1,14.85,4
1909,TAXI,2021-06-28 5:24,ZONE 4,15.52,17
1910,TNS,2020-10-15 21:28,ZONE 1,12.71,13
1911,TAXI,2021-05-11 19:54,ZONE 1,15.15,2
1912,TNS,2021-10-20 21:11,ZONE 1,12.37,3
1913,TNS,2022-09-24 5:05,ZONE 1,18.82,4
1914,TNS,2021-12-15 3:27,ZONE 1,42.64,24
1915,TNS,2022-07-01 23:03,ZONE 1,11.38,6
1916,TNS,2021-07-21 15:14,ZONE 1,10.27,3
1917,TAXI,2021-10-10 4:12,ZONE 2,15.2,6
1918,TAXI,2022-10-07 23:18,ZONE 1,12,0
1919,TNS,2022-08-07 20:47,ZONE 1,60.3,5
1920,TNS,2021-05-08 2:42,ZONE 1,9.52,4
1921,TNS,2020-08-27 6:09,ZONE 1,7.97,4
1922,TAXI,2022-03-26 19:07,ZONE 4,8.3,8
1923,TNS,2022-03-25 19:03,ZONE 1,23.36,9
1924,TNS,2022-09-12 21:58,ZONE 1,12,10
1925,TNS,2022-03-20 6:56,ZONE 1,35.96,9
1926,TNS,2021-07-06 0:16,ZONE 1,14.86,21
1927,TNS,2021-08-02 6:01,ZONE 1,8.89,10
1928,TAXI,2020-09-23 21:37,ZONE 1,12.25,3
1929,TNS,2020-06-20 1:56,ZONE 1,12.48,3
1930,TNS,2022-04-29 4:03,ZONE 1,11.92,3
1931,TAXI,2021-04-16 15:44,ZONE 1,8.25,9
1932,TNS,2022-07-11 23:22,ZONE 1,29.53,17
1933,TAXI,2022-05-10 14:17,ZONE 2,19.1,2
1934,TAXI,2020-07-26 10:08,ZONE 4,40.9,17
1935,TAXI,2022-04-30 11:03,ZONE 4,13.8,7
1936,TNS,2021-01-03 5:19,ZONE 1,17.18,8
1937,TNS,2020-12-15 18:52,ZONE 1,14.06,6
1938,TNS,2021-03-18 5:39,ZONE 1,22.55,19
1939,TNS,2022-01-14 23:00,ZONE 1,13.17,14
1940,TAXI,2021-09-07 21:08,ZONE 1,56.35,2
1941,TNS,2020-11-27 22:37,ZONE 1,5.76,4
1942,TAXI,2020-01-28 3:56,ZONE 1,10.75,0
1943,TNS,2022-09-11 19:51,ZONE 1,13.23,3
1944,TNS,2022-03-09 2:00,ZONE 1,14.71,6
1945,TAXI,2021-06-23 0:59,ZONE 1,12,5
1946,TNS,2020-10-30 11:09,ZONE 1,8.84,6
1947,TNS,2021-02-03 1:48,ZONE 1,9.56,4
1948,TNS,2021-11-07 20:24,ZONE 1,13.8,18
1949,TNS,2021-11-09 19:55,ZONE 1,23.17,9
1950,TNS,2021-08-07 23:23,ZONE 1,11.97,4
1951,TNS,2020-11-29 10:31,ZONE 1,12.27,4
1952,TNS,2021-12-29 3:47,ZONE 1,13.96,14
1953,TNS,2021-06-27 18:05,ZONE 1,53.88,33
1954,TNS,2021-06-20 22:08,ZONE 1,26.09,7
1955,TAXI,2022-07-16 0:03,ZONE 2,21.4,11
1956,TAXI,2021-10-19 9:35,ZONE 1,12.55,0
1957,TAXI,2022-09-13 15:17,ZONE 1,44.8,11
1958,TNS,2022-01-06 7:46,ZONE 1,21.67,10
1959,TNS,2020-07-14 23:45,ZONE 1,21.37,12
1960,TNS,2021-08-14 4:47,ZONE 1,20.93,26
1961,TAXI,2020-03-13 23:07,ZONE 4,25.22,13
1962,TNS,2022-05-09 6:21,ZONE 1,17.19,12
1963,TAXI,2022-02-16 19:11,ZONE 1,6.75,7
1964,TNS,2020-08-17 3:19,ZONE 1,10.34,3
1965,TAXI,2022-06-14 17:39,ZONE 4,20.75,8
1966,TAXI,2022-10-13 18:41,ZONE 1,16,4
1967,TAXI,2019-09-18 0:56,ZONE 2,16.2,3
1968,TNS,2020-11-14 3:19,ZONE 1,23.25,7
1969,TAXI,2022-08-20 7:03,ZONE 1,9.1,11
1970,TAXI,2022-07-02 8:02,ZONE 4,16.15,1
1971,TNS,2021-07-14 4:59,ZONE 1,9.62,12
1972,TNS,2021-07-10 0:38,ZONE 1,24.66,15
1973,TNS,2021-04-06 15:35,ZONE 1,14.4,15
1974,TAXI,2019-11-17 0:08,ZONE 2,12.87,2
1975,TNS,2022-03-19 17:31,ZONE 1,18.8,4
1976,TAXI,2020-10-21 21:24,ZONE 1,15.05,2
1977,TAXI,2021-08-30 10:52,ZONE 1,7.85,2
1978,TAXI,2021-12-25 4:32,ZONE 2,16.9,8
1979,TNS,2020-09-20 6:58,ZONE 1,28.68,17
1980,TAXI,2022-05-23 13:59,ZONE 1,56.5,5
1981,TAXI,2021-08-29 23:06,ZONE 1,18.75,0
1982,TAXI,2022-07-20 15:28,ZONE 1,3.5,0
1983,TNS,2020-11-18 15:50,ZONE 1,10.68,11
1984,TNS,2021-08-27 0:24,ZONE 1,10.4,11
1985,TNS,2022-06-26 3:35,ZONE 1,45.89,12
1986,TNS,2021-05-01 11:26,ZONE 1,14.03,4
1987,TNS,2022-10-23 14:22,ZONE 1,12.68,10
1988,TNS,2022-02-03 22:44,ZONE 1,21.28,3
1989,TNS,2022-05-01 9:38,ZONE 1,17.27,5
1990,TNS,2020-10-12 15:36,ZONE 1,23.1,7
1991,TAXI,2019-12-30 20:01,ZONE 1,35.45,0
1992,TNS,2020-04-14 14:49,ZONE 1,22.31,9
1993,TNS,2022-10-07 21:47,ZONE 1,48.47,9
1994,TNS,2021-08-15 5:09,ZONE 1,40.54,10
1995,TNS,2022-08-23 20:55,ZONE 1,9.91,6
1996,TNS,2021-09-17 13:21,ZONE 1,55.24,7
1997,TNS,2020-03-21 4:50,ZONE 1,3.52,0
1998,TNS,2022-03-26 16:39,ZONE 1,8.27,5
1999,TAXI,2020-11-20 21:54,ZONE 1,7.95,4
2000,TNS,2022-05-03 7:00,ZONE 1,36.09,9
